id,Arabic_vs_Chinese_Chi,Arabic_vs_Chinese_Z,Arabic_vs_Chinese_Fisher,Arabic_vs_English_Chi,Arabic_vs_English_Z,Arabic_vs_English_Fisher,Arabic_vs_Korean_Chi,Arabic_vs_Korean_Z,Arabic_vs_Korean_Fisher,Arabic_vs_Russian_Chi,Arabic_vs_Russian_Z,Arabic_vs_Russian_Fisher,Chinese_vs_English_Chi,Chinese_vs_English_Z,Chinese_vs_English_Fisher,Chinese_vs_Korean_Chi,Chinese_vs_Korean_Z,Chinese_vs_Korean_Fisher,Chinese_vs_Russian_Chi,Chinese_vs_Russian_Z,Chinese_vs_Russian_Fisher,English_vs_Korean_Chi,English_vs_Korean_Z,English_vs_Korean_Fisher,English_vs_Russian_Chi,English_vs_Russian_Z,English_vs_Russian_Fisher,Korean_vs_Russian_Chi,Korean_vs_Russian_Z,Korean_vs_Russian_Fisher
E_01,0.0000 (***),0.0000 (***),0.0000 (***),0.0045 (***),0.0035 (***),0.0044 (***),0.0000 (***),0.0000 (***),0.0000 (***),0.7987,0.7339,0.7988,0.0000 (***),0.0000 (***),0.0000 (***),0.0000 (***),0.0000 (***),0.0000 (***),0.0000 (***),0.0000 (***),0.0000 (***),0.0000 (***),0.0000 (***),0.0000 (***),0.0122 (**),0.0097 (***),0.0121 (**),0.0000 (***),0.0000 (***),0.0000 (***)
E_02,0.0097 (***),0.0077 (***),0.0097 (***),0.0000 (***),0.0000 (***),0.0000 (***),0.9353,0.8710,0.9353,0.0000 (***),0.0000 (***),0.0000 (***),0.0000 (***),0.0000 (***),0.0000 (***),0.0060 (***),0.0047 (***),0.0060 (***),0.0188 (**),0.0153 (**),0.0187 (**),0.0000 (***),0.0000 (***),0.0000 (***),0.0001 (***),0.0001 (***),0.0001 (***),0.0000 (***),0.0000 (***),0.0000 (***)
E_03,0.0175 (**),0.0142 (**),0.0174 (**),0.5342,0.4844,0.5342,0.0000 (***),0.0000 (***),0.0000 (***),0.0000 (***),0.0000 (***),0.0000 (***),0.0930 (*),0.0791 (*),0.0930 (*),0.0000 (***),0.0000 (***),0.0000 (***),0.0000 (***),0.0000 (***),0.0000 (***),0.0000 (***),0.0000 (***),0.0000 (***),0.0000 (***),0.0000 (***),0.0000 (***),0.0152 (**),0.0121 (**),0.0151 (**)
E_04,0.0000 (***),0.0000 (***),0.0000 (***),0.0000 (***),0.0000 (***),0.0000 (***),0.0000 (***),0.0000 (***),0.0000 (***),0.0000 (***),0.0000 (***),0.0000 (***),0.0347 (**),0.0285 (**),0.0346 (**),0.0000 (***),0.0000 (***),0.0000 (***),0.0000 (***),0.0000 (***),0.0000 (***),0.0000 (***),0.0000 (***),0.0000 (***),0.0000 (***),0.0000 (***),0.0000 (***),0.0019 (***),0.0014 (***),0.0019 (***)
E_05,0.0000 (***),0.0000 (***),0.0000 (***),0.0163 (**),0.0131 (**),0.0163 (**),0.0000 (***),0.0000 (***),0.0000 (***),0.1545,0.1329,0.1545,0.0000 (***),0.0000 (***),0.0000 (***),0.0057 (***),0.0045 (***),0.0056 (***),0.0000 (***),0.0000 (***),0.0000 (***),0.0000 (***),0.0000 (***),0.0000 (***),0.3681,0.3261,0.3681,0.0000 (***),0.0000 (***),0.0000 (***)
E_06,0.4468,0.3748,0.4470,0.0428 (**),0.0308 (**),0.0421 (**),0.0000 (***),0.0000 (***),0.0000 (***),0.3001,0.2496,0.3001,0.2530,0.1985,0.2529,0.0000 (***),0.0000 (***),0.0000 (***),0.0560 (*),0.0423 (**),0.0554 (*),0.0000 (***),0.0000 (***),0.0000 (***),0.0016 (***),0.0011 (***),0.0015 (***),0.0000 (***),0.0000 (***),0.0000 (***)
E_07,0.0000 (***),0.0000 (***),0.0000 (***),0.0381 (**),0.0263 (**),0.0371 (**),0.0000 (***),0.0000 (***),0.0000 (***),0.0000 (***),0.0000 (***),0.0000 (***),0.0000 (***),0.0000 (***),0.0000 (***),0.6391,0.5843,0.6391,0.0000 (***),0.0000 (***),0.0000 (***),0.0000 (***),0.0000 (***),0.0000 (***),0.0009 (***),0.0006 (***),0.0009 (***),0.0000 (***),0.0000 (***),0.0000 (***)
E_08,0.0000 (***),0.0000 (***),0.0000 (***),0.0000 (***),0.0000 (***),0.0000 (***),0.0000 (***),0.0000 (***),0.0000 (***),0.0000 (***),0.0000 (***),0.0000 (***),0.1412,0.1214,0.1411,0.0338 (**),0.0279 (**),0.0337 (**),0.3222,0.2864,0.3222,0.0003 (***),0.0002 (***),0.0002 (***),0.0113 (**),0.0090 (***),0.0112 (**),0.2896,0.2565,0.2896
E_09,0.1353,0.1159,0.1352,0.1642,0.1408,0.1641,0.0012 (***),0.0009 (***),0.0012 (***),0.0103 (**),0.0082 (***),0.0102 (**),0.0031 (***),0.0024 (***),0.0031 (***),0.0925 (*),0.0786 (*),0.0924 (*),0.3180,0.2822,0.3180,0.0000 (***),0.0000 (***),0.0000 (***),0.0001 (***),0.0000 (***),0.0001 (***),0.5428,0.4936,0.5429
E_10,1.0000,1.0000,1.0000,1.0000,1.0000,1.0000,1.0000,1.0000,1.0000,1.0000,1.0000,1.0000,1.0000,1.0000,1.0000,1.0000,1.0000,1.0000,1.0000,1.0000,1.0000,1.0000,1.0000,1.0000,1.0000,1.0000,1.0000,1.0000,1.0000,1.0000
E_Age_41,0.6997,0.6434,0.6997,0.0000 (***),0.0000 (***),0.0000 (***),0.0000 (***),0.0000 (***),0.0000 (***),0.0000 (***),0.0000 (***),0.0000 (***),0.0000 (***),0.0000 (***),0.0000 (***),0.0000 (***),0.0000 (***),0.0000 (***),0.0000 (***),0.0000 (***),0.0000 (***),0.1562,0.1245,0.1559,0.0978 (*),0.0786 (*),0.0975 (*),0.0016 (***),0.0011 (***),0.0015 (***)
E_Age_42,0.0007 (***),0.0005 (***),0.0006 (***),0.0001 (***),0.0001 (***),0.0001 (***),0.0000 (***),0.0000 (***),0.0000 (***),0.0000 (***),0.0000 (***),0.0000 (***),0.6384,0.5728,0.6385,0.0000 (***),0.0000 (***),0.0000 (***),0.0007 (***),0.0005 (***),0.0007 (***),0.0000 (***),0.0000 (***),0.0000 (***),0.0047 (***),0.0034 (***),0.0046 (***),0.0000 (***),0.0000 (***),0.0000 (***)
E_Age_43,0.0000 (***),0.0000 (***),0.0000 (***),0.0000 (***),0.0000 (***),0.0000 (***),0.0000 (***),0.0000 (***),0.0000 (***),0.0000 (***),0.0000 (***),0.0000 (***),0.0000 (***),0.0000 (***),0.0000 (***),0.0000 (***),0.0000 (***),0.0000 (***),0.0000 (***),0.0000 (***),0.0000 (***),0.0089 (***),0.0065 (***),0.0087 (***),0.1299,0.1062,0.1297,0.3140,0.2633,0.3140
E_Age_44,0.0631 (*),0.0515 (*),0.0629 (*),0.0257 (**),0.0203 (**),0.0255 (**),0.0182 (**),0.0146 (**),0.0181 (**),0.0000 (***),0.0000 (***),0.0000 (***),0.7780,0.7069,0.7780,0.0000 (***),0.0000 (***),0.0000 (***),0.0089 (***),0.0066 (***),0.0087 (***),0.0000 (***),0.0000 (***),0.0000 (***),0.0248 (**),0.0190 (**),0.0245 (**),0.0000 (***),0.0000 (***),0.0000 (***)
E_Age_45,0.0567 (*),0.0449 (**),0.0564 (*),0.1833,0.1518,0.1831,0.0048 (***),0.0035 (***),0.0047 (***),0.4639,0.4025,0.4640,0.6310,0.5643,0.6311,0.4071,0.3570,0.4071,0.2821,0.2407,0.2821,0.1607,0.1346,0.1606,0.6184,0.5500,0.6185,0.0460 (**),0.0366 (**),0.0458 (**)
E_Doom_54,0.0000 (***),0.0000 (***),0.0000 (***),0.0000 (***),0.0000 (***),0.0000 (***),0.0002 (***),0.0001 (***),0.0001 (***),0.0011 (***),0.0006 (***),0.0009 (***),0.1325,0.0449 (**),0.1239,0.7501,0.5241,0.7521,0.3824,0.2441,0.3835,0.0404 (**),0.0139 (**),0.0306 (**),0.0128 (**),0.0044 (***),0.0075 (***),0.7872,0.5892,0.7884
E_Doom_55,1.0000,0.3170,1.0000,1.0000,1.0000,1.0000,0.0000 (***),0.0000 (***),0.0000 (***),0.0003 (***),0.0001 (***),0.0001 (***),1.0000,0.3170,1.0000,0.0000 (***),0.0000 (***),0.0000 (***),0.0010 (***),0.0004 (***),0.0005 (***),0.0000 (***),0.0000 (***),0.0000 (***),0.0003 (***),0.0001 (***),0.0001 (***),0.2429,0.1820,0.2426
E_Doom_56,1.0000,1.0000,1.0000,1.0000,1.0000,1.0000,1.0000,1.0000,1.0000,1.0000,0.3170,1.0000,1.0000,1.0000,1.0000,1.0000,1.0000,1.0000,1.0000,0.3170,1.0000,1.0000,1.0000,1.0000,1.0000,0.3170,1.0000,1.0000,0.3170,1.0000
E_Doom_57,0.0014 (***),0.0005 (***),0.0004 (***),1.0000,1.0000,1.0000,1.0000,1.0000,1.0000,0.0024 (***),0.0008 (***),0.0009 (***),0.0014 (***),0.0005 (***),0.0004 (***),0.0014 (***),0.0005 (***),0.0004 (***),1.0000,0.8321,1.0000,1.0000,1.0000,1.0000,0.0024 (***),0.0008 (***),0.0009 (***),0.0024 (***),0.0008 (***),0.0009 (***)
E_Doom_58,1.0000,1.0000,1.0000,1.0000,1.0000,1.0000,1.0000,1.0000,1.0000,1.0000,1.0000,1.0000,1.0000,1.0000,1.0000,1.0000,1.0000,1.0000,1.0000,1.0000,1.0000,1.0000,1.0000,1.0000,1.0000,1.0000,1.0000,1.0000,1.0000,1.0000
E_Doom_59,1.0000,0.3170,1.0000,1.0000,1.0000,1.0000,0.0726 (*),0.0248 (**),0.0616 (*),1.0000,1.0000,1.0000,1.0000,0.3170,1.0000,0.2187,0.1010,0.2167,1.0000,0.3170,1.0000,0.0726 (*),0.0248 (**),0.0616 (*),1.0000,1.0000,1.0000,0.0726 (*),0.0248 (**),0.0616 (*)
E_Env_11,0.0000 (***),0.0000 (***),0.0000 (***),0.9384,0.8772,0.9384,0.0039 (***),0.0031 (***),0.0039 (***),0.0000 (***),0.0000 (***),0.0000 (***),0.0000 (***),0.0000 (***),0.0000 (***),0.0000 (***),0.0000 (***),0.0000 (***),0.0000 (***),0.0000 (***),0.0000 (***),0.0024 (***),0.0019 (***),0.0024 (***),0.0000 (***),0.0000 (***),0.0000 (***),0.1496,0.1293,0.1496
E_Env_12,0.0798 (*),0.0665 (*),0.0797 (*),0.0230 (**),0.0184 (**),0.0229 (**),0.1318,0.1127,0.1317,0.0000 (***),0.0000 (***),0.0000 (***),0.6619,0.5998,0.6620,0.0009 (***),0.0006 (***),0.0008 (***),0.0005 (***),0.0004 (***),0.0005 (***),0.0001 (***),0.0001 (***),0.0001 (***),0.0031 (***),0.0022 (***),0.0030 (***),0.0000 (***),0.0000 (***),0.0000 (***)
E_Env_13,0.0000 (***),0.0000 (***),0.0000 (***),0.0147 (**),0.0119 (**),0.0147 (**),0.0000 (***),0.0000 (***),0.0000 (***),0.0000 (***),0.0000 (***),0.0000 (***),0.0000 (***),0.0000 (***),0.0000 (***),0.0000 (***),0.0000 (***),0.0000 (***),0.0000 (***),0.0000 (***),0.0000 (***),0.0000 (***),0.0000 (***),0.0000 (***),0.0691 (*),0.0579 (*),0.0690 (*),0.0000 (***),0.0000 (***),0.0000 (***)
E_Env_14,0.0000 (***),0.0000 (***),0.0000 (***),0.0000 (***),0.0000 (***),0.0000 (***),0.3559,0.3139,0.3560,0.0005 (***),0.0004 (***),0.0005 (***),0.0000 (***),0.0000 (***),0.0000 (***),0.0000 (***),0.0000 (***),0.0000 (***),0.0000 (***),0.0000 (***),0.0000 (***),0.0000 (***),0.0000 (***),0.0000 (***),0.2546,0.2243,0.2546,0.0000 (***),0.0000 (***),0.0000 (***)
E_Env_15,1.0000,1.0000,1.0000,1.0000,1.0000,1.0000,1.0000,1.0000,1.0000,1.0000,1.0000,1.0000,1.0000,1.0000,1.0000,1.0000,1.0000,1.0000,1.0000,1.0000,1.0000,1.0000,1.0000,1.0000,1.0000,1.0000,1.0000,1.0000,1.0000,1.0000
E_Env_16,0.0000 (***),0.0000 (***),0.0000 (***),0.0000 (***),0.0000 (***),0.0000 (***),0.0000 (***),0.0000 (***),0.0000 (***),0.0000 (***),0.0000 (***),0.0000 (***),0.0000 (***),0.0000 (***),0.0000 (***),0.0000 (***),0.0000 (***),0.0000 (***),0.0000 (***),0.0000 (***),0.0000 (***),0.0811 (*),0.0687 (*),0.0810 (*),0.0003 (***),0.0002 (***),0.0003 (***),0.0749 (*),0.0631 (*),0.0748 (*)
E_Env_17,0.0694 (*),0.0585 (*),0.0693 (*),0.0000 (***),0.0000 (***),0.0000 (***),0.0002 (***),0.0002 (***),0.0002 (***),0.0000 (***),0.0000 (***),0.0000 (***),0.0000 (***),0.0000 (***),0.0000 (***),0.0000 (***),0.0000 (***),0.0000 (***),0.0000 (***),0.0000 (***),0.0000 (***),0.0408 (**),0.0334 (**),0.0407 (**),0.1597,0.1366,0.1596,0.5749,0.5215,0.5749
E_Env_18,0.0000 (***),0.0000 (***),0.0000 (***),0.0618 (*),0.0513 (*),0.0616 (*),0.0022 (***),0.0017 (***),0.0022 (***),0.0000 (***),0.0000 (***),0.0000 (***),0.0000 (***),0.0000 (***),0.0000 (***),0.0000 (***),0.0000 (***),0.0000 (***),0.7298,0.6451,0.7300,0.2643,0.2293,0.2643,0.0000 (***),0.0000 (***),0.0000 (***),0.0002 (***),0.0001 (***),0.0001 (***)
E_Env_19,0.0000 (***),0.0000 (***),0.0000 (***),0.0000 (***),0.0000 (***),0.0000 (***),0.0000 (***),0.0000 (***),0.0000 (***),1.0000,0.8161,1.0000,0.4008,0.3445,0.4008,0.0000 (***),0.0000 (***),0.0000 (***),0.0000 (***),0.0000 (***),0.0000 (***),0.0000 (***),0.0000 (***),0.0000 (***),0.0000 (***),0.0000 (***),0.0000 (***),0.0000 (***),0.0000 (***),0.0000 (***)
E_Env_20,1.0000,1.0000,1.0000,1.0000,1.0000,1.0000,1.0000,1.0000,1.0000,1.0000,1.0000,1.0000,1.0000,1.0000,1.0000,1.0000,1.0000,1.0000,1.0000,1.0000,1.0000,1.0000,1.0000,1.0000,1.0000,1.0000,1.0000,1.0000,1.0000,1.0000
E_Health_31,1.0000,0.7941,1.0000,0.0754 (*),0.0329 (**),0.0688 (*),0.0227 (**),0.0078 (***),0.0152 (**),0.0227 (**),0.0078 (***),0.0152 (**),0.0441 (**),0.0189 (**),0.0379 (**),0.0128 (**),0.0044 (***),0.0075 (***),0.0128 (**),0.0044 (***),0.0075 (***),1.0000,0.3170,1.0000,1.0000,0.3170,1.0000,1.0000,1.0000,1.0000
E_Health_32,0.0000 (***),0.0000 (***),0.0000 (***),0.0000 (***),0.0000 (***),0.0000 (***),0.0000 (***),0.0000 (***),0.0000 (***),0.1717,0.1491,0.1717,0.0000 (***),0.0000 (***),0.0000 (***),0.0000 (***),0.0000 (***),0.0000 (***),0.0000 (***),0.0000 (***),0.0000 (***),0.0000 (***),0.0000 (***),0.0000 (***),0.0000 (***),0.0000 (***),0.0000 (***),0.0000 (***),0.0000 (***),0.0000 (***)
E_Health_33,0.0000 (***),0.0000 (***),0.0000 (***),0.0000 (***),0.0000 (***),0.0000 (***),0.0000 (***),0.0000 (***),0.0000 (***),0.0000 (***),0.0000 (***),0.0000 (***),1.0000,1.0000,1.0000,1.0000,1.0000,1.0000,1.0000,1.0000,1.0000,1.0000,1.0000,1.0000,1.0000,1.0000,1.0000,1.0000,1.0000,1.0000
E_Health_34,0.0741 (*),0.0624 (*),0.0740 (*),0.6369,0.5818,0.6369,1.0000,0.9368,1.0000,0.0000 (***),0.0000 (***),0.0000 (***),0.2162,0.1889,0.2162,0.0622 (*),0.0521 (*),0.0621 (*),0.0000 (***),0.0000 (***),0.0000 (***),0.5815,0.5287,0.5815,0.0000 (***),0.0000 (***),0.0000 (***),0.0000 (***),0.0000 (***),0.0000 (***)
E_Health_35,0.0000 (***),0.0000 (***),0.0000 (***),1.0000,1.0000,1.0000,1.0000,1.0000,1.0000,1.0000,1.0000,1.0000,0.0000 (***),0.0000 (***),0.0000 (***),0.0000 (***),0.0000 (***),0.0000 (***),0.0000 (***),0.0000 (***),0.0000 (***),1.0000,1.0000,1.0000,1.0000,1.0000,1.0000,1.0000,1.0000,1.0000
E_Health_36,0.0000 (***),0.0000 (***),0.0000 (***),0.0000 (***),0.0000 (***),0.0000 (***),0.0000 (***),0.0000 (***),0.0000 (***),0.0000 (***),0.0000 (***),0.0000 (***),0.0000 (***),0.0000 (***),0.0000 (***),1.0000,1.0000,1.0000,0.0000 (***),0.0000 (***),0.0000 (***),0.0000 (***),0.0000 (***),0.0000 (***),0.0000 (***),0.0000 (***),0.0000 (***),0.0000 (***),0.0000 (***),0.0000 (***)
E_Health_37,0.0000 (***),0.0000 (***),0.0000 (***),0.8711,0.8077,0.8711,0.0000 (***),0.0000 (***),0.0000 (***),0.0000 (***),0.0000 (***),0.0000 (***),0.0000 (***),0.0000 (***),0.0000 (***),0.2837,0.2278,0.2836,0.0009 (***),0.0005 (***),0.0007 (***),0.0000 (***),0.0000 (***),0.0000 (***),0.0000 (***),0.0000 (***),0.0000 (***),0.0301 (**),0.0195 (**),0.0289 (**)
E_Health_38,0.0252 (**),0.0197 (**),0.0250 (**),0.0392 (**),0.0311 (**),0.0389 (**),0.0000 (***),0.0000 (***),0.0000 (***),0.0000 (***),0.0000 (***),0.0000 (***),0.9295,0.8595,0.9295,0.0000 (***),0.0000 (***),0.0000 (***),0.0000 (***),0.0000 (***),0.0000 (***),0.0000 (***),0.0000 (***),0.0000 (***),0.0000 (***),0.0000 (***),0.0000 (***),0.0767 (*),0.0430 (**),0.0735 (*)
E_Health_39,0.6997,0.6434,0.6997,0.0000 (***),0.0000 (***),0.0000 (***),0.0982 (*),0.0832 (*),0.0981 (*),0.0000 (***),0.0000 (***),0.0000 (***),0.0000 (***),0.0000 (***),0.0000 (***),0.0344 (**),0.0283 (**),0.0343 (**),0.0000 (***),0.0000 (***),0.0000 (***),0.0000 (***),0.0000 (***),0.0000 (***),0.0494 (**),0.0410 (**),0.0493 (**),0.0000 (***),0.0000 (***),0.0000 (***)
E_Health_40,0.0000 (***),0.0000 (***),0.0000 (***),0.0000 (***),0.0000 (***),0.0000 (***),0.0000 (***),0.0000 (***),0.0000 (***),0.0000 (***),0.0000 (***),0.0000 (***),0.1286,0.0575 (*),0.1231,0.1628,0.1035,0.1613,0.0000 (***),0.0000 (***),0.0000 (***),0.0030 (***),0.0012 (***),0.0017 (***),0.0000 (***),0.0000 (***),0.0000 (***),0.0000 (***),0.0000 (***),0.0000 (***)
E_Lie_01,0.4789,0.1567,0.4993,0.0000 (***),0.0000 (***),0.0000 (***),0.0000 (***),0.0000 (***),0.0000 (***),0.0000 (***),0.0000 (***),0.0000 (***),0.0000 (***),0.0000 (***),0.0000 (***),0.0000 (***),0.0000 (***),0.0000 (***),0.0000 (***),0.0000 (***),0.0000 (***),0.0063 (***),0.0044 (***),0.0060 (***),0.0017 (***),0.0011 (***),0.0015 (***),0.7751,0.6682,0.7753
E_Lie_02,0.0000 (***),0.0000 (***),0.0000 (***),0.0611 (*),0.0507 (*),0.0610 (*),0.0000 (***),0.0000 (***),0.0000 (***),0.0000 (***),0.0000 (***),0.0000 (***),0.0100 (***),0.0077 (***),0.0098 (***),0.0000 (***),0.0000 (***),0.0000 (***),0.0000 (***),0.0000 (***),0.0000 (***),0.0000 (***),0.0000 (***),0.0000 (***),0.0000 (***),0.0000 (***),0.0000 (***),0.0000 (***),0.0000 (***),0.0000 (***)
E_Lie_03,0.0000 (***),0.0000 (***),0.0000 (***),0.7395,0.6575,0.7396,0.0485 (**),0.0378 (**),0.0481 (**),0.2004,0.1654,0.2003,0.0000 (***),0.0000 (***),0.0000 (***),0.0000 (***),0.0000 (***),0.0000 (***),0.0000 (***),0.0000 (***),0.0000 (***),0.1247,0.1015,0.1244,0.4008,0.3445,0.4008,0.5513,0.4869,0.5514
E_Lie_04,0.0000 (***),0.0000 (***),0.0000 (***),0.0000 (***),0.0000 (***),0.0000 (***),0.0000 (***),0.0000 (***),0.0000 (***),0.0000 (***),0.0000 (***),0.0000 (***),0.0000 (***),0.0000 (***),0.0000 (***),1.0000,0.3170,1.0000,0.0000 (***),0.0000 (***),0.0000 (***),0.0000 (***),0.0000 (***),0.0000 (***),0.0000 (***),0.0000 (***),0.0000 (***),0.0000 (***),0.0000 (***),0.0000 (***)
E_Lie_05,1.0000,1.0000,1.0000,0.0000 (***),0.0000 (***),0.0000 (***),0.2472,0.0826 (*),0.2489,0.2472,0.0826 (*),0.2489,0.0000 (***),0.0000 (***),0.0000 (***),0.2472,0.0826 (*),0.2489,0.2472,0.0826 (*),0.2489,0.0000 (***),0.0000 (***),0.0000 (***),0.0000 (***),0.0000 (***),0.0000 (***),1.0000,1.0000,1.0000
E_Lie_06,0.0000 (***),0.0000 (***),0.0000 (***),0.0953 (*),0.0764 (*),0.0950 (*),0.7323,0.6484,0.7325,0.0000 (***),0.0000 (***),0.0000 (***),0.0000 (***),0.0000 (***),0.0000 (***),0.0000 (***),0.0000 (***),0.0000 (***),0.0003 (***),0.0002 (***),0.0003 (***),0.0343 (**),0.0262 (**),0.0339 (**),0.0108 (**),0.0083 (***),0.0107 (**),0.0000 (***),0.0000 (***),0.0000 (***)
E_Lie_07,0.0000 (***),0.0000 (***),0.0000 (***),0.0000 (***),0.0000 (***),0.0000 (***),0.0000 (***),0.0000 (***),0.0000 (***),0.0000 (***),0.0000 (***),0.0000 (***),0.0016 (***),0.0012 (***),0.0016 (***),0.0176 (**),0.0141 (**),0.0175 (**),0.2604,0.2279,0.2604,0.4866,0.4338,0.4867,0.0514 (*),0.0420 (**),0.0512 (*),0.2422,0.2102,0.2421
E_Lie_08,0.0000 (***),0.0000 (***),0.0000 (***),0.0000 (***),0.0000 (***),0.0000 (***),0.0002 (***),0.0001 (***),0.0001 (***),0.0000 (***),0.0000 (***),0.0000 (***),0.0753 (*),0.0596 (*),0.0749 (*),0.0000 (***),0.0000 (***),0.0000 (***),0.0000 (***),0.0000 (***),0.0000 (***),0.0006 (***),0.0004 (***),0.0005 (***),0.0000 (***),0.0000 (***),0.0000 (***),0.0000 (***),0.0000 (***),0.0000 (***)
E_Lie_09,0.0279 (**),0.0215 (**),0.0276 (**),0.5676,0.5049,0.5677,0.0000 (***),0.0000 (***),0.0000 (***),0.7768,0.7055,0.7769,0.1247,0.1015,0.1244,0.0000 (***),0.0000 (***),0.0000 (***),0.0682 (*),0.0543 (*),0.0679 (*),0.0000 (***),0.0000 (***),0.0000 (***),0.8472,0.7726,0.8473,0.0000 (***),0.0000 (***),0.0000 (***)
E_Lie_10,0.2334,0.1967,0.2333,0.0340 (**),0.0267 (**),0.0338 (**),0.0000 (***),0.0000 (***),0.0000 (***),0.0000 (***),0.0000 (***),0.0000 (***),0.4024,0.3522,0.4025,0.0000 (***),0.0000 (***),0.0000 (***),0.0000 (***),0.0000 (***),0.0000 (***),0.0000 (***),0.0000 (***),0.0000 (***),0.0000 (***),0.0000 (***),0.0000 (***),0.0000 (***),0.0000 (***),0.0000 (***)
E_Other_60,0.0032 (***),0.0014 (***),0.0021 (***),1.0000,0.5629,1.0000,0.0000 (***),0.0000 (***),0.0000 (***),0.0000 (***),0.0000 (***),0.0000 (***),0.0010 (***),0.0004 (***),0.0005 (***),0.0000 (***),0.0000 (***),0.0000 (***),0.0000 (***),0.0000 (***),0.0000 (***),0.0000 (***),0.0000 (***),0.0000 (***),0.0000 (***),0.0000 (***),0.0000 (***),0.8268,0.7428,0.8269
E_Other_61,0.5183,0.4674,0.5184,0.0000 (***),0.0000 (***),0.0000 (***),0.0012 (***),0.0009 (***),0.0012 (***),0.0000 (***),0.0000 (***),0.0000 (***),0.0000 (***),0.0000 (***),0.0000 (***),0.0001 (***),0.0001 (***),0.0001 (***),0.0000 (***),0.0000 (***),0.0000 (***),0.0032 (***),0.0025 (***),0.0032 (***),1.0000,0.9391,1.0000,0.0041 (***),0.0032 (***),0.0040 (***)
E_Other_62,0.0000 (***),0.0000 (***),0.0000 (***),0.0001 (***),0.0001 (***),0.0001 (***),0.6161,0.3159,0.6239,0.0000 (***),0.0000 (***),0.0000 (***),0.0000 (***),0.0000 (***),0.0000 (***),0.0000 (***),0.0000 (***),0.0000 (***),0.0567 (*),0.0443 (**),0.0564 (*),0.0000 (***),0.0000 (***),0.0000 (***),0.0140 (**),0.0097 (***),0.0135 (**),0.0000 (***),0.0000 (***),0.0000 (***)
E_Other_63,0.0526 (*),0.0402 (**),0.0521 (*),0.0018 (***),0.0013 (***),0.0018 (***),0.0000 (***),0.0000 (***),0.0000 (***),0.8310,0.7489,0.8311,0.0000 (***),0.0000 (***),0.0000 (***),0.0000 (***),0.0000 (***),0.0000 (***),0.1052,0.0826 (*),0.1048,0.0000 (***),0.0000 (***),0.0000 (***),0.0006 (***),0.0004 (***),0.0006 (***),0.0000 (***),0.0000 (***),0.0000 (***)
E_Other_64,0.0726 (*),0.0248 (**),0.0616 (*),1.0000,0.3170,1.0000,0.0000 (***),0.0000 (***),0.0000 (***),0.0404 (**),0.0139 (**),0.0306 (**),0.2187,0.1010,0.2167,0.0000 (***),0.0000 (***),0.0000 (***),1.0000,0.7612,1.0000,0.0000 (***),0.0000 (***),0.0000 (***),0.1286,0.0575 (*),0.1231,0.0000 (***),0.0000 (***),0.0000 (***)
E_Other_65,0.0169 (**),0.0130 (**),0.0167 (**),0.0000 (***),0.0000 (***),0.0000 (***),0.0000 (***),0.0000 (***),0.0000 (***),0.0000 (***),0.0000 (***),0.0000 (***),0.0000 (***),0.0000 (***),0.0000 (***),0.0593 (*),0.0487 (**),0.0592 (*),0.0000 (***),0.0000 (***),0.0000 (***),0.0000 (***),0.0000 (***),0.0000 (***),1.0000,1.0000,1.0000,0.0000 (***),0.0000 (***),0.0000 (***)
E_RaceGen_21,1.0000,1.0000,1.0000,1.0000,1.0000,1.0000,1.0000,1.0000,1.0000,1.0000,1.0000,1.0000,1.0000,1.0000,1.0000,1.0000,1.0000,1.0000,1.0000,1.0000,1.0000,1.0000,1.0000,1.0000,1.0000,1.0000,1.0000,1.0000,1.0000,1.0000
E_RaceGen_22,0.0000 (***),0.0000 (***),0.0000 (***),0.0000 (***),0.0000 (***),0.0000 (***),0.7221,0.4770,0.7250,0.2472,0.0826 (*),0.2489,0.0000 (***),0.0000 (***),0.0000 (***),0.0000 (***),0.0000 (***),0.0000 (***),0.0000 (***),0.0000 (***),0.0000 (***),0.0000 (***),0.0000 (***),0.0000 (***),0.0000 (***),0.0000 (***),0.0000 (***),0.0726 (*),0.0248 (**),0.0616 (*)
E_RaceGen_23,0.0000 (***),0.0000 (***),0.0000 (***),0.0000 (***),0.0000 (***),0.0000 (***),0.0000 (***),0.0000 (***),0.0000 (***),0.0000 (***),0.0000 (***),0.0000 (***),0.0000 (***),0.0000 (***),0.0000 (***),0.1618,0.1098,0.1606,0.0078 (***),0.0040 (***),0.0064 (***),0.0000 (***),0.0000 (***),0.0000 (***),0.0000 (***),0.0000 (***),0.0000 (***),0.2628,0.1616,0.2623
E_RaceGen_24,0.0005 (***),0.0003 (***),0.0004 (***),0.0000 (***),0.0000 (***),0.0000 (***),0.0000 (***),0.0000 (***),0.0000 (***),0.8909,0.7839,0.8911,0.0000 (***),0.0000 (***),0.0000 (***),0.0754 (*),0.0329 (**),0.0688 (*),0.0002 (***),0.0001 (***),0.0001 (***),0.0000 (***),0.0000 (***),0.0000 (***),0.0000 (***),0.0000 (***),0.0000 (***),0.0000 (***),0.0000 (***),0.0000 (***)
E_RaceGen_25,1.0000,1.0000,1.0000,1.0000,1.0000,1.0000,1.0000,1.0000,1.0000,1.0000,0.3170,1.0000,1.0000,1.0000,1.0000,1.0000,1.0000,1.0000,1.0000,0.3170,1.0000,1.0000,1.0000,1.0000,1.0000,0.3170,1.0000,1.0000,0.3170,1.0000
E_RaceGen_26,1.0000,1.0000,1.0000,1.0000,1.0000,1.0000,1.0000,1.0000,1.0000,1.0000,1.0000,1.0000,1.0000,1.0000,1.0000,1.0000,1.0000,1.0000,1.0000,1.0000,1.0000,1.0000,1.0000,1.0000,1.0000,1.0000,1.0000,1.0000,1.0000,1.0000
E_RaceGen_27,0.0665 (*),0.0453 (**),0.0652 (*),0.0047 (***),0.0032 (***),0.0044 (***),0.0000 (***),0.0000 (***),0.0000 (***),0.4861,0.4032,0.4864,0.0000 (***),0.0000 (***),0.0000 (***),0.0008 (***),0.0003 (***),0.0002 (***),0.0081 (***),0.0051 (***),0.0075 (***),0.0000 (***),0.0000 (***),0.0000 (***),0.0434 (**),0.0325 (**),0.0429 (**),0.0000 (***),0.0000 (***),0.0000 (***)
E_RaceGen_28,0.0000 (***),0.0000 (***),0.0000 (***),1.0000,0.9378,1.0000,0.0000 (***),0.0000 (***),0.0000 (***),0.0000 (***),0.0000 (***),0.0000 (***),0.0000 (***),0.0000 (***),0.0000 (***),0.4922,0.4454,0.4922,0.2207,0.1932,0.2207,0.0000 (***),0.0000 (***),0.0000 (***),0.0000 (***),0.0000 (***),0.0000 (***),0.6444,0.5902,0.6444
E_RaceGen_29,1.0000,1.0000,1.0000,1.0000,1.0000,1.0000,1.0000,1.0000,1.0000,1.0000,1.0000,1.0000,1.0000,1.0000,1.0000,1.0000,1.0000,1.0000,1.0000,1.0000,1.0000,1.0000,1.0000,1.0000,1.0000,1.0000,1.0000,1.0000,1.0000,1.0000
E_RaceGen_30,0.1766,0.1284,0.1759,0.0000 (***),0.0000 (***),0.0000 (***),0.0000 (***),0.0000 (***),0.0000 (***),0.0014 (***),0.0008 (***),0.0012 (***),0.0013 (***),0.0008 (***),0.0012 (***),0.0000 (***),0.0000 (***),0.0000 (***),0.0792 (*),0.0587 (*),0.0785 (*),0.0000 (***),0.0000 (***),0.0000 (***),0.1692,0.1364,0.1689,0.0000 (***),0.0000 (***),0.0000 (***)
E_Theft_46,0.0000 (***),0.0000 (***),0.0000 (***),0.0000 (***),0.0000 (***),0.0000 (***),0.0493 (**),0.0405 (**),0.0491 (**),0.0000 (***),0.0000 (***),0.0000 (***),0.0000 (***),0.0000 (***),0.0000 (***),0.0000 (***),0.0000 (***),0.0000 (***),0.0000 (***),0.0000 (***),0.0000 (***),0.0000 (***),0.0000 (***),0.0000 (***),0.0000 (***),0.0000 (***),0.0000 (***),0.0000 (***),0.0000 (***),0.0000 (***)
E_Theft_47,0.2820,0.2490,0.2820,0.0064 (***),0.0051 (***),0.0064 (***),0.0000 (***),0.0000 (***),0.0000 (***),0.0019 (***),0.0015 (***),0.0019 (***),0.1150,0.0979 (*),0.1149,0.0000 (***),0.0000 (***),0.0000 (***),0.0000 (***),0.0000 (***),0.0000 (***),0.0000 (***),0.0000 (***),0.0000 (***),0.0000 (***),0.0000 (***),0.0000 (***),0.0006 (***),0.0005 (***),0.0006 (***)
E_Theft_48,0.0000 (***),0.0000 (***),0.0000 (***),0.0000 (***),0.0000 (***),0.0000 (***),0.0000 (***),0.0000 (***),0.0000 (***),0.0000 (***),0.0000 (***),0.0000 (***),1.0000,1.0000,1.0000,1.0000,1.0000,1.0000,1.0000,1.0000,1.0000,1.0000,1.0000,1.0000,1.0000,1.0000,1.0000,1.0000,1.0000,1.0000
E_Theft_49,1.0000,1.0000,1.0000,1.0000,1.0000,1.0000,1.0000,1.0000,1.0000,1.0000,1.0000,1.0000,1.0000,1.0000,1.0000,1.0000,1.0000,1.0000,1.0000,1.0000,1.0000,1.0000,1.0000,1.0000,1.0000,1.0000,1.0000,1.0000,1.0000,1.0000
E_Theft_50,0.0000 (***),0.0000 (***),0.0000 (***),0.0000 (***),0.0000 (***),0.0000 (***),0.0000 (***),0.0000 (***),0.0000 (***),0.0000 (***),0.0000 (***),0.0000 (***),0.0041 (***),0.0032 (***),0.0041 (***),0.0000 (***),0.0000 (***),0.0000 (***),0.0003 (***),0.0002 (***),0.0003 (***),0.0000 (***),0.0000 (***),0.0000 (***),0.4889,0.4420,0.4890,0.0000 (***),0.0000 (***),0.0000 (***)
E_Theft_51,0.0000 (***),0.0000 (***),0.0000 (***),1.0000,1.0000,1.0000,0.2098,0.1713,0.2096,0.3095,0.2588,0.3095,0.0000 (***),0.0000 (***),0.0000 (***),0.0000 (***),0.0000 (***),0.0000 (***),0.0000 (***),0.0000 (***),0.0000 (***),0.2098,0.1713,0.2096,0.3095,0.2588,0.3095,0.9044,0.8101,0.9045
E_Theft_52,0.0127 (**),0.0087 (***),0.0122 (**),0.2698,0.2248,0.2697,0.0002 (***),0.0001 (***),0.0001 (***),0.0000 (***),0.0000 (***),0.0000 (***),0.0002 (***),0.0002 (***),0.0002 (***),0.2310,0.1710,0.2306,0.0000 (***),0.0000 (***),0.0000 (***),0.0000 (***),0.0000 (***),0.0000 (***),0.0000 (***),0.0000 (***),0.0000 (***),0.0004 (***),0.0002 (***),0.0001 (***)
E_Theft_53,0.0000 (***),0.0000 (***),0.0000 (***),0.0000 (***),0.0000 (***),0.0000 (***),0.0000 (***),0.0000 (***),0.0000 (***),0.0000 (***),0.0000 (***),0.0000 (***),0.0073 (***),0.0025 (***),0.0037 (***),0.0073 (***),0.0025 (***),0.0037 (***),0.0073 (***),0.0025 (***),0.0037 (***),1.0000,1.0000,1.0000,1.0000,1.0000,1.0000,1.0000,1.0000,1.0000
J_01,0.0000 (***),0.0000 (***),0.0000 (***),0.0000 (***),0.0000 (***),0.0000 (***),0.0000 (***),0.0000 (***),0.0000 (***),0.0000 (***),0.0000 (***),0.0000 (***),0.0014 (***),0.0005 (***),0.0004 (***),0.0051 (***),0.0021 (***),0.0032 (***),1.0000,1.0000,1.0000,1.0000,0.3170,1.0000,0.0014 (***),0.0005 (***),0.0004 (***),0.0051 (***),0.0021 (***),0.0032 (***)
J_02,1.0000,1.0000,1.0000,1.0000,0.3170,1.0000,0.0404 (**),0.0139 (**),0.0306 (**),0.0004 (***),0.0002 (***),0.0001 (***),1.0000,0.3170,1.0000,0.0404 (**),0.0139 (**),0.0306 (**),0.0004 (***),0.0002 (***),0.0001 (***),0.1286,0.0575 (*),0.1231,0.0017 (***),0.0007 (***),0.0009 (***),0.1123,0.0695 (*),0.1101
J_03,0.1286,0.0575 (*),0.1231,0.0001 (***),0.0001 (***),0.0001 (***),0.0000 (***),0.0000 (***),0.0000 (***),0.1123,0.0695 (*),0.1101,0.0000 (***),0.0000 (***),0.0000 (***),0.0000 (***),0.0000 (***),0.0000 (***),0.0017 (***),0.0007 (***),0.0009 (***),0.4346,0.3620,0.4348,0.0275 (**),0.0182 (**),0.0265 (**),0.0021 (***),0.0012 (***),0.0018 (***)
J_04,0.5001,0.4314,0.5003,0.9064,0.8142,0.9065,0.0000 (***),0.0000 (***),0.0000 (***),0.7323,0.6484,0.7325,0.3641,0.3072,0.3641,0.0000 (***),0.0000 (***),0.0000 (***),0.8253,0.7406,0.8254,0.0000 (***),0.0000 (***),0.0000 (***),0.5648,0.4897,0.5650,0.0000 (***),0.0000 (***),0.0000 (***)
J_05,0.0044 (***),0.0033 (***),0.0043 (***),0.0000 (***),0.0000 (***),0.0000 (***),0.8000,0.7355,0.8001,0.0001 (***),0.0001 (***),0.0001 (***),0.0000 (***),0.0000 (***),0.0000 (***),0.0119 (**),0.0092 (***),0.0118 (**),0.0000 (***),0.0000 (***),0.0000 (***),0.0000 (***),0.0000 (***),0.0000 (***),0.0000 (***),0.0000 (***),0.0000 (***),0.0000 (***),0.0000 (***),0.0000 (***)
J_06,0.0000 (***),0.0000 (***),0.0000 (***),0.1471,0.1235,0.1470,0.0000 (***),0.0000 (***),0.0000 (***),0.0903 (*),0.0729 (*),0.0900 (*),0.0000 (***),0.0000 (***),0.0000 (***),0.0079 (***),0.0044 (***),0.0069 (***),0.0004 (***),0.0002 (***),0.0003 (***),0.0000 (***),0.0000 (***),0.0000 (***),0.0013 (***),0.0009 (***),0.0012 (***),0.0000 (***),0.0000 (***),0.0000 (***)
J_07,0.0000 (***),0.0000 (***),0.0000 (***),0.0006 (***),0.0005 (***),0.0006 (***),0.0664 (*),0.0559 (*),0.0664 (*),0.3475,0.3088,0.3475,0.3242,0.2884,0.3242,0.0102 (**),0.0081 (***),0.0101 (**),0.0000 (***),0.0000 (***),0.0000 (***),0.1305,0.1123,0.1304,0.0000 (***),0.0000 (***),0.0000 (***),0.0044 (***),0.0034 (***),0.0044 (***)
J_08,0.0726 (*),0.0248 (**),0.0616 (*),0.4474,0.2545,0.4508,0.4474,0.2545,0.4508,0.5755,0.4010,0.5774,0.4789,0.1567,0.4993,0.4789,0.1567,0.4993,0.0128 (**),0.0044 (***),0.0075 (***),1.0000,1.0000,1.0000,0.1113,0.0560 (*),0.1069,0.1113,0.0560 (*),0.1069
J_09,0.0000 (***),0.0000 (***),0.0000 (***),1.0000,0.3170,1.0000,1.0000,1.0000,1.0000,1.0000,1.0000,1.0000,0.0000 (***),0.0000 (***),0.0000 (***),0.0000 (***),0.0000 (***),0.0000 (***),0.0000 (***),0.0000 (***),0.0000 (***),1.0000,0.3170,1.0000,1.0000,0.3170,1.0000,1.0000,1.0000,1.0000
J_10,0.0000 (***),0.0000 (***),0.0000 (***),0.7670,0.6567,0.7673,0.6537,0.5497,0.6541,0.0000 (***),0.0000 (***),0.0000 (***),0.0000 (***),0.0000 (***),0.0000 (***),0.0000 (***),0.0000 (***),0.0000 (***),0.0087 (***),0.0067 (***),0.0086 (***),1.0000,0.8775,1.0000,0.0000 (***),0.0000 (***),0.0000 (***),0.0000 (***),0.0000 (***),0.0000 (***)
PQ_01_Econ,0.0000 (***),0.0000 (***),0.0000 (***),0.4918,0.4226,0.4920,0.0026 (***),0.0018 (***),0.0025 (***),0.0509 (*),0.0393 (**),0.0505 (*),0.0000 (***),0.0000 (***),0.0000 (***),0.0000 (***),0.0000 (***),0.0000 (***),0.0000 (***),0.0000 (***),0.0000 (***),0.0258 (**),0.0198 (**),0.0255 (**),0.2461,0.2058,0.2460,0.3296,0.2836,0.3296
PQ_02_Econ,0.0000 (***),0.0000 (***),0.0000 (***),0.0001 (***),0.0001 (***),0.0001 (***),0.3070,0.2684,0.3070,0.2526,0.2203,0.2525,0.0000 (***),0.0000 (***),0.0000 (***),0.0000 (***),0.0000 (***),0.0000 (***),0.0000 (***),0.0000 (***),0.0000 (***),0.0000 (***),0.0000 (***),0.0000 (***),0.0082 (***),0.0065 (***),0.0081 (***),0.0247 (**),0.0199 (**),0.0246 (**)
PQ_03_Econ,0.0000 (***),0.0000 (***),0.0000 (***),0.0036 (***),0.0028 (***),0.0035 (***),0.0000 (***),0.0000 (***),0.0000 (***),0.0000 (***),0.0000 (***),0.0000 (***),0.0000 (***),0.0000 (***),0.0000 (***),0.1230,0.1054,0.1230,0.0767 (*),0.0647 (*),0.0766 (*),0.0001 (***),0.0000 (***),0.0001 (***),0.0002 (***),0.0001 (***),0.0002 (***),0.8788,0.8191,0.8788
PQ_04_Econ,0.0000 (***),0.0000 (***),0.0000 (***),0.0000 (***),0.0000 (***),0.0000 (***),0.0000 (***),0.0000 (***),0.0000 (***),0.0000 (***),0.0000 (***),0.0000 (***),0.4789,0.1567,0.4993,0.0041 (***),0.0014 (***),0.0018 (***),0.0000 (***),0.0000 (***),0.0000 (***),0.0415 (**),0.0198 (**),0.0370 (**),0.0000 (***),0.0000 (***),0.0000 (***),0.0223 (**),0.0138 (**),0.0210 (**)
PQ_05_Econ,0.0081 (***),0.0065 (***),0.0081 (***),0.0000 (***),0.0000 (***),0.0000 (***),0.0000 (***),0.0000 (***),0.0000 (***),0.6479,0.5942,0.6479,0.0007 (***),0.0005 (***),0.0007 (***),0.0390 (**),0.0323 (**),0.0389 (**),0.0343 (**),0.0283 (**),0.0342 (**),0.2081,0.1811,0.2081,0.0000 (***),0.0000 (***),0.0000 (***),0.0000 (***),0.0000 (***),0.0000 (***)
PQ_06_Econ,0.2787,0.1937,0.2785,0.0000 (***),0.0000 (***),0.0000 (***),0.0001 (***),0.0000 (***),0.0000 (***),1.0000,0.7941,1.0000,0.0000 (***),0.0000 (***),0.0000 (***),0.0045 (***),0.0028 (***),0.0041 (***),0.1837,0.1209,0.1825,0.0002 (***),0.0001 (***),0.0002 (***),0.0000 (***),0.0000 (***),0.0000 (***),0.0000 (***),0.0000 (***),0.0000 (***)
PQ_07_Econ,0.5964,0.5450,0.5964,0.1498,0.1295,0.1497,0.3643,0.3257,0.3643,0.3250,0.2891,0.3250,0.4035,0.3621,0.4035,0.1306,0.1124,0.1305,0.7046,0.6491,0.7046,0.0155 (**),0.0126 (**),0.0154 (**),0.7036,0.6480,0.7036,0.0493 (**),0.0412 (**),0.0492 (**)
PQ_08_Econ,0.0441 (**),0.0189 (**),0.0379 (**),0.1113,0.0560 (*),0.1069,0.4961,0.3642,0.4972,0.3755,0.2679,0.3760,1.0000,0.5629,1.0000,0.0051 (***),0.0021 (***),0.0032 (***),0.0030 (***),0.0012 (***),0.0017 (***),0.0151 (**),0.0069 (***),0.0121 (**),0.0091 (***),0.0041 (***),0.0068 (***),1.0000,0.8386,1.0000
PQ_09_Econ,0.8142,0.7540,0.8142,0.2681,0.2355,0.2681,0.0945 (*),0.0798 (*),0.0944 (*),0.0553 (*),0.0459 (**),0.0551 (*),0.4272,0.3825,0.4273,0.1741,0.1501,0.1740,0.1087,0.0921 (*),0.1086,0.6273,0.5710,0.6273,0.4648,0.4167,0.4648,0.8698,0.8058,0.8699
PQ_10_Econ,0.0404 (**),0.0139 (**),0.0306 (**),0.0404 (**),0.0139 (**),0.0306 (**),0.0763 (*),0.0461 (**),0.0739 (*),0.0404 (**),0.0139 (**),0.0306 (**),1.0000,1.0000,1.0000,0.0003 (***),0.0001 (***),0.0001 (***),1.0000,1.0000,1.0000,0.0003 (***),0.0001 (***),0.0001 (***),1.0000,1.0000,1.0000,0.0003 (***),0.0001 (***),0.0001 (***)
PQ_11_Econ,0.0000 (***),0.0000 (***),0.0000 (***),0.0000 (***),0.0000 (***),0.0000 (***),0.0946 (*),0.0806 (*),0.0946 (*),0.0153 (**),0.0124 (**),0.0152 (**),0.0002 (***),0.0001 (***),0.0001 (***),0.0000 (***),0.0000 (***),0.0000 (***),0.0000 (***),0.0000 (***),0.0000 (***),0.0001 (***),0.0001 (***),0.0001 (***),0.0017 (***),0.0013 (***),0.0017 (***),0.4963,0.4497,0.4963
PQ_12_Econ,0.0000 (***),0.0000 (***),0.0000 (***),0.0000 (***),0.0000 (***),0.0000 (***),0.0000 (***),0.0000 (***),0.0000 (***),0.0006 (***),0.0004 (***),0.0006 (***),0.7417,0.6211,0.7422,0.0000 (***),0.0000 (***),0.0000 (***),0.0000 (***),0.0000 (***),0.0000 (***),0.0000 (***),0.0000 (***),0.0000 (***),0.0000 (***),0.0000 (***),0.0000 (***),0.0067 (***),0.0050 (***),0.0066 (***)
PQ_13_Econ,0.6589,0.5811,0.6591,0.0000 (***),0.0000 (***),0.0000 (***),0.0000 (***),0.0000 (***),0.0000 (***),0.0000 (***),0.0000 (***),0.0000 (***),0.0000 (***),0.0000 (***),0.0000 (***),0.0000 (***),0.0000 (***),0.0000 (***),0.0000 (***),0.0000 (***),0.0000 (***),1.0000,1.0000,1.0000,0.1454,0.0806 (*),0.1425,0.1454,0.0806 (*),0.1425
PQ_14_Econ,1.0000,1.0000,1.0000,1.0000,1.0000,1.0000,1.0000,1.0000,1.0000,1.0000,1.0000,1.0000,1.0000,1.0000,1.0000,1.0000,1.0000,1.0000,1.0000,1.0000,1.0000,1.0000,1.0000,1.0000,1.0000,1.0000,1.0000,1.0000,1.0000,1.0000
PQ_15_Econ,0.0000 (***),0.0000 (***),0.0000 (***),0.3569,0.3183,0.3569,0.0000 (***),0.0000 (***),0.0000 (***),0.1261,0.1083,0.1261,0.0000 (***),0.0000 (***),0.0000 (***),0.2692,0.2341,0.2692,0.0000 (***),0.0000 (***),0.0000 (***),0.0000 (***),0.0000 (***),0.0000 (***),0.5943,0.5427,0.5943,0.0000 (***),0.0000 (***),0.0000 (***)
PQ_16_Dipl,1.0000,0.3170,1.0000,0.3694,0.1782,0.3732,0.2187,0.1010,0.2167,0.1286,0.0575 (*),0.1231,0.1325,0.0449 (**),0.1239,0.0726 (*),0.0248 (**),0.0616 (*),0.0404 (**),0.0139 (**),0.0306 (**),1.0000,0.7373,1.0000,0.7501,0.5241,0.7521,1.0000,0.7612,1.0000
PQ_17_Dipl,0.0000 (***),0.0000 (***),0.0000 (***),1.0000,0.9143,1.0000,0.0000 (***),0.0000 (***),0.0000 (***),0.0000 (***),0.0000 (***),0.0000 (***),0.0000 (***),0.0000 (***),0.0000 (***),0.0000 (***),0.0000 (***),0.0000 (***),0.0694 (*),0.0585 (*),0.0693 (*),0.0000 (***),0.0000 (***),0.0000 (***),0.0000 (***),0.0000 (***),0.0000 (***),0.0000 (***),0.0000 (***),0.0000 (***)
PQ_18_Dipl,0.0770 (*),0.0645 (*),0.0769 (*),0.0918 (*),0.0773 (*),0.0917 (*),0.0005 (***),0.0004 (***),0.0005 (***),0.0003 (***),0.0002 (***),0.0002 (***),1.0000,0.9342,1.0000,0.1052,0.0881 (*),0.1050,0.0000 (***),0.0000 (***),0.0000 (***),0.0886 (*),0.0738 (*),0.0885 (*),0.0000 (***),0.0000 (***),0.0000 (***),0.0000 (***),0.0000 (***),0.0000 (***)
PQ_19_Dipl,1.0000,1.0000,1.0000,0.0000 (***),0.0000 (***),0.0000 (***),1.0000,1.0000,1.0000,1.0000,1.0000,1.0000,0.0000 (***),0.0000 (***),0.0000 (***),1.0000,1.0000,1.0000,1.0000,1.0000,1.0000,0.0000 (***),0.0000 (***),0.0000 (***),0.0000 (***),0.0000 (***),0.0000 (***),1.0000,1.0000,1.0000
PQ_20_Dipl,0.0000 (***),0.0000 (***),0.0000 (***),0.0000 (***),0.0000 (***),0.0000 (***),0.0000 (***),0.0000 (***),0.0000 (***),0.0000 (***),0.0000 (***),0.0000 (***),0.0066 (***),0.0044 (***),0.0062 (***),0.0026 (***),0.0016 (***),0.0023 (***),0.0000 (***),0.0000 (***),0.0000 (***),0.8735,0.7503,0.8738,0.0079 (***),0.0044 (***),0.0069 (***),0.0185 (**),0.0107 (**),0.0169 (**)
PQ_21_Dipl,0.0000 (***),0.0000 (***),0.0000 (***),0.0007 (***),0.0005 (***),0.0007 (***),0.7040,0.6484,0.7040,0.0000 (***),0.0000 (***),0.0000 (***),0.0003 (***),0.0002 (***),0.0003 (***),0.0000 (***),0.0000 (***),0.0000 (***),0.0033 (***),0.0026 (***),0.0033 (***),0.0032 (***),0.0025 (***),0.0032 (***),0.5395,0.4901,0.5396,0.0003 (***),0.0002 (***),0.0003 (***)
PQ_22_Dipl,0.0000 (***),0.0000 (***),0.0000 (***),0.0000 (***),0.0000 (***),0.0000 (***),0.0000 (***),0.0000 (***),0.0000 (***),0.0000 (***),0.0000 (***),0.0000 (***),0.0000 (***),0.0000 (***),0.0000 (***),0.7459,0.6657,0.7460,0.0017 (***),0.0011 (***),0.0015 (***),0.0000 (***),0.0000 (***),0.0000 (***),0.0000 (***),0.0000 (***),0.0000 (***),0.0065 (***),0.0045 (***),0.0062 (***)
PQ_23_Dipl,0.0001 (***),0.0000 (***),0.0000 (***),0.0001 (***),0.0000 (***),0.0000 (***),0.0003 (***),0.0001 (***),0.0001 (***),0.0001 (***),0.0000 (***),0.0000 (***),1.0000,1.0000,1.0000,1.0000,0.3170,1.0000,1.0000,1.0000,1.0000,1.0000,0.3170,1.0000,1.0000,1.0000,1.0000,1.0000,0.3170,1.0000
PQ_24_Dipl,0.2472,0.0826 (*),0.2489,0.2472,0.0826 (*),0.2489,1.0000,0.6536,1.0000,0.6161,0.3159,0.6239,1.0000,1.0000,1.0000,0.4789,0.1567,0.4993,1.0000,0.3170,1.0000,0.4789,0.1567,0.4993,1.0000,0.3170,1.0000,1.0000,0.5629,1.0000
PQ_25_Dipl,0.0000 (***),0.0000 (***),0.0000 (***),0.0000 (***),0.0000 (***),0.0000 (***),0.0000 (***),0.0000 (***),0.0000 (***),0.0000 (***),0.0000 (***),0.0000 (***),0.9394,0.8791,0.9394,0.1302,0.1121,0.1302,0.0015 (***),0.0011 (***),0.0015 (***),0.0959 (*),0.0817 (*),0.0958 (*),0.0025 (***),0.0019 (***),0.0024 (***),0.0000 (***),0.0000 (***),0.0000 (***)
PQ_26_Dipl,0.0726 (*),0.0248 (**),0.0616 (*),0.0000 (***),0.0000 (***),0.0000 (***),0.0000 (***),0.0000 (***),0.0000 (***),0.0000 (***),0.0000 (***),0.0000 (***),0.0000 (***),0.0000 (***),0.0000 (***),0.0000 (***),0.0000 (***),0.0000 (***),0.0000 (***),0.0000 (***),0.0000 (***),0.0000 (***),0.0000 (***),0.0000 (***),0.7479,0.6683,0.7481,0.0000 (***),0.0000 (***),0.0000 (***)
PQ_27_Dipl,0.0000 (***),0.0000 (***),0.0000 (***),0.0000 (***),0.0000 (***),0.0000 (***),0.0258 (**),0.0108 (**),0.0206 (**),0.0000 (***),0.0000 (***),0.0000 (***),0.0000 (***),0.0000 (***),0.0000 (***),0.0000 (***),0.0000 (***),0.0000 (***),1.0000,0.9352,1.0000,0.0000 (***),0.0000 (***),0.0000 (***),0.0000 (***),0.0000 (***),0.0000 (***),0.0000 (***),0.0000 (***),0.0000 (***)
PQ_28_Govt,0.0000 (***),0.0000 (***),0.0000 (***),0.3820,0.3403,0.3820,0.2514,0.2191,0.2513,0.0003 (***),0.0002 (***),0.0003 (***),0.0000 (***),0.0000 (***),0.0000 (***),0.0000 (***),0.0000 (***),0.0000 (***),0.1306,0.1124,0.1305,0.0358 (**),0.0293 (**),0.0357 (**),0.0072 (***),0.0057 (***),0.0072 (***),0.0000 (***),0.0000 (***),0.0000 (***)
PQ_29_Govt,0.0000 (***),0.0000 (***),0.0000 (***),0.0017 (***),0.0013 (***),0.0017 (***),0.0000 (***),0.0000 (***),0.0000 (***),0.0000 (***),0.0000 (***),0.0000 (***),0.3880,0.3423,0.3880,0.2025,0.1721,0.2024,0.0023 (***),0.0017 (***),0.0022 (***),0.0263 (**),0.0209 (**),0.0261 (**),0.0001 (***),0.0000 (***),0.0001 (***),0.0903 (*),0.0729 (*),0.0900 (*)
PQ_30_Govt,0.0000 (***),0.0000 (***),0.0000 (***),0.0000 (***),0.0000 (***),0.0000 (***),0.0000 (***),0.0000 (***),0.0000 (***),0.0000 (***),0.0000 (***),0.0000 (***),0.0000 (***),0.0000 (***),0.0000 (***),0.0014 (***),0.0011 (***),0.0014 (***),0.0000 (***),0.0000 (***),0.0000 (***),0.0000 (***),0.0000 (***),0.0000 (***),0.0063 (***),0.0049 (***),0.0062 (***),0.0000 (***),0.0000 (***),0.0000 (***)
PQ_31_Govt,1.0000,1.0000,1.0000,1.0000,1.0000,1.0000,1.0000,1.0000,1.0000,1.0000,1.0000,1.0000,1.0000,1.0000,1.0000,1.0000,1.0000,1.0000,1.0000,1.0000,1.0000,1.0000,1.0000,1.0000,1.0000,1.0000,1.0000,1.0000,1.0000,1.0000
PQ_32_Govt,0.0017 (***),0.0013 (***),0.0017 (***),0.0000 (***),0.0000 (***),0.0000 (***),0.0442 (**),0.0364 (**),0.0441 (**),0.0001 (***),0.0000 (***),0.0001 (***),0.0050 (***),0.0040 (***),0.0050 (***),0.0000 (***),0.0000 (***),0.0000 (***),0.4057,0.3643,0.4057,0.0000 (***),0.0000 (***),0.0000 (***),0.0571 (*),0.0479 (**),0.0571 (*),0.0000 (***),0.0000 (***),0.0000 (***)
PQ_33_Govt,0.7994,0.7347,0.7994,0.0000 (***),0.0000 (***),0.0000 (***),1.0000,1.0000,1.0000,0.0000 (***),0.0000 (***),0.0000 (***),0.0000 (***),0.0000 (***),0.0000 (***),0.7994,0.7347,0.7994,0.0001 (***),0.0001 (***),0.0001 (***),0.0000 (***),0.0000 (***),0.0000 (***),0.1291,0.1110,0.1290,0.0000 (***),0.0000 (***),0.0000 (***)
PQ_34_Govt,0.0000 (***),0.0000 (***),0.0000 (***),0.6325,0.5769,0.6325,0.0000 (***),0.0000 (***),0.0000 (***),0.1704,0.1466,0.1703,0.0000 (***),0.0000 (***),0.0000 (***),0.0001 (***),0.0001 (***),0.0001 (***),0.0000 (***),0.0000 (***),0.0000 (***),0.0000 (***),0.0000 (***),0.0000 (***),0.4161,0.3711,0.4161,0.0000 (***),0.0000 (***),0.0000 (***)
PQ_35_Govt,0.0000 (***),0.0000 (***),0.0000 (***),0.0001 (***),0.0001 (***),0.0001 (***),0.0000 (***),0.0000 (***),0.0000 (***),0.0000 (***),0.0000 (***),0.0000 (***),0.0374 (**),0.0307 (**),0.0373 (**),0.2561,0.2237,0.2561,0.0000 (***),0.0000 (***),0.0000 (***),0.3856,0.3439,0.3856,0.0000 (***),0.0000 (***),0.0000 (***),0.0000 (***),0.0000 (***),0.0000 (***)
PQ_36_Govt,0.0001 (***),0.0000 (***),0.0001 (***),0.8070,0.7447,0.8071,0.0000 (***),0.0000 (***),0.0000 (***),0.0000 (***),0.0000 (***),0.0000 (***),0.0002 (***),0.0002 (***),0.0002 (***),0.0000 (***),0.0000 (***),0.0000 (***),0.0026 (***),0.0018 (***),0.0025 (***),0.0000 (***),0.0000 (***),0.0000 (***),0.0000 (***),0.0000 (***),0.0000 (***),0.0160 (**),0.0108 (**),0.0154 (**)
PQ_37_Govt,0.0000 (***),0.0000 (***),0.0000 (***),0.0000 (***),0.0000 (***),0.0000 (***),0.0000 (***),0.0000 (***),0.0000 (***),0.0000 (***),0.0000 (***),0.0000 (***),0.0000 (***),0.0000 (***),0.0000 (***),0.0000 (***),0.0000 (***),0.0000 (***),0.1498,0.1295,0.1497,0.0000 (***),0.0000 (***),0.0000 (***),0.0000 (***),0.0000 (***),0.0000 (***),0.0006 (***),0.0005 (***),0.0006 (***)
PQ_38_Govt,0.0002 (***),0.0002 (***),0.0002 (***),0.0000 (***),0.0000 (***),0.0000 (***),1.0000,0.9394,1.0000,0.0000 (***),0.0000 (***),0.0000 (***),0.0000 (***),0.0000 (***),0.0000 (***),0.0003 (***),0.0002 (***),0.0003 (***),0.0000 (***),0.0000 (***),0.0000 (***),0.0000 (***),0.0000 (***),0.0000 (***),0.1101,0.0907 (*),0.1099,0.0000 (***),0.0000 (***),0.0000 (***)
PQ_39_Govt,0.4789,0.1567,0.4993,1.0000,1.0000,1.0000,0.4789,0.1567,0.4993,0.4789,0.1567,0.4993,0.4789,0.1567,0.4993,1.0000,1.0000,1.0000,1.0000,1.0000,1.0000,0.4789,0.1567,0.4993,0.4789,0.1567,0.4993,1.0000,1.0000,1.0000
PQ_40_Govt,0.0227 (**),0.0078 (***),0.0152 (**),0.0227 (**),0.0078 (***),0.0152 (**),0.5433,0.3619,0.5456,0.3393,0.2026,0.3402,1.0000,1.0000,1.0000,0.1325,0.0449 (**),0.1239,0.2472,0.0826 (*),0.2489,0.1325,0.0449 (**),0.1239,0.2472,0.0826 (*),0.2489,1.0000,0.7040,1.0000
PQ_41_Govt,0.0000 (***),0.0000 (***),0.0000 (***),0.0000 (***),0.0000 (***),0.0000 (***),0.0000 (***),0.0000 (***),0.0000 (***),0.0201 (**),0.0158 (**),0.0199 (**),0.0258 (**),0.0183 (**),0.0252 (**),0.0000 (***),0.0000 (***),0.0000 (***),0.0067 (***),0.0049 (***),0.0065 (***),0.0000 (***),0.0000 (***),0.0000 (***),0.0000 (***),0.0000 (***),0.0000 (***),0.0000 (***),0.0000 (***),0.0000 (***)
PQ_42_Govt,1.0000,1.0000,1.0000,1.0000,1.0000,1.0000,0.2472,0.0826 (*),0.2489,1.0000,1.0000,1.0000,1.0000,1.0000,1.0000,0.2472,0.0826 (*),0.2489,1.0000,1.0000,1.0000,0.2472,0.0826 (*),0.2489,1.0000,1.0000,1.0000,0.2472,0.0826 (*),0.2489
PQ_43_Scty,1.0000,1.0000,1.0000,0.0000 (***),0.0000 (***),0.0000 (***),1.0000,1.0000,1.0000,1.0000,1.0000,1.0000,0.0000 (***),0.0000 (***),0.0000 (***),1.0000,1.0000,1.0000,1.0000,1.0000,1.0000,0.0000 (***),0.0000 (***),0.0000 (***),0.0000 (***),0.0000 (***),0.0000 (***),1.0000,1.0000,1.0000
PQ_44_Scty,0.0047 (***),0.0034 (***),0.0046 (***),0.0047 (***),0.0034 (***),0.0046 (***),0.0000 (***),0.0000 (***),0.0000 (***),0.0000 (***),0.0000 (***),0.0000 (***),1.0000,1.0000,1.0000,0.0000 (***),0.0000 (***),0.0000 (***),0.0000 (***),0.0000 (***),0.0000 (***),0.0000 (***),0.0000 (***),0.0000 (***),0.0000 (***),0.0000 (***),0.0000 (***),0.0041 (***),0.0032 (***),0.0040 (***)
PQ_45_Scty,0.0000 (***),0.0000 (***),0.0000 (***),0.0000 (***),0.0000 (***),0.0000 (***),0.0000 (***),0.0000 (***),0.0000 (***),0.0000 (***),0.0000 (***),0.0000 (***),0.0049 (***),0.0038 (***),0.0049 (***),0.0798 (*),0.0665 (*),0.0797 (*),0.0000 (***),0.0000 (***),0.0000 (***),0.0000 (***),0.0000 (***),0.0000 (***),0.0000 (***),0.0000 (***),0.0000 (***),0.0002 (***),0.0002 (***),0.0002 (***)
PQ_46_Scty,0.0079 (***),0.0044 (***),0.0069 (***),0.0017 (***),0.0008 (***),0.0012 (***),0.0428 (**),0.0308 (**),0.0421 (**),0.2023,0.1566,0.2020,0.7709,0.5603,0.7725,0.0000 (***),0.0000 (***),0.0000 (***),0.0001 (***),0.0000 (***),0.0000 (***),0.0000 (***),0.0000 (***),0.0000 (***),0.0000 (***),0.0000 (***),0.0000 (***),0.5287,0.4497,0.5290
PQ_47_Scty,0.0000 (***),0.0000 (***),0.0000 (***),0.0000 (***),0.0000 (***),0.0000 (***),0.0000 (***),0.0000 (***),0.0000 (***),0.0000 (***),0.0000 (***),0.0000 (***),1.0000,1.0000,1.0000,1.0000,1.0000,1.0000,1.0000,1.0000,1.0000,1.0000,1.0000,1.0000,1.0000,1.0000,1.0000,1.0000,1.0000,1.0000
PQ_48_Scty,0.3991,0.3577,0.3991,0.0005 (***),0.0004 (***),0.0005 (***),0.1268,0.1089,0.1267,0.1467,0.1266,0.1467,0.0101 (**),0.0081 (***),0.0101 (**),0.5431,0.4939,0.5431,0.5945,0.5430,0.5946,0.0588 (*),0.0494 (**),0.0587 (*),0.0494 (**),0.0412 (**),0.0493 (**),1.0000,0.9395,1.0000
PQ_49_Scty,1.0000,1.0000,1.0000,0.0017 (***),0.0007 (***),0.0009 (***),1.0000,1.0000,1.0000,0.0258 (**),0.0108 (**),0.0206 (**),0.0017 (***),0.0007 (***),0.0009 (***),1.0000,1.0000,1.0000,0.0258 (**),0.0108 (**),0.0206 (**),0.0017 (***),0.0007 (***),0.0009 (***),0.3964,0.2891,0.3969,0.0258 (**),0.0108 (**),0.0206 (**)
PQ_50_Scty,1.0000,1.0000,1.0000,1.0000,1.0000,1.0000,1.0000,1.0000,1.0000,1.0000,1.0000,1.0000,1.0000,1.0000,1.0000,1.0000,1.0000,1.0000,1.0000,1.0000,1.0000,1.0000,1.0000,1.0000,1.0000,1.0000,1.0000,1.0000,1.0000,1.0000
PQ_51_Scty,0.0000 (***),0.0000 (***),0.0000 (***),0.0000 (***),0.0000 (***),0.0000 (***),0.0000 (***),0.0000 (***),0.0000 (***),0.0000 (***),0.0000 (***),0.0000 (***),1.0000,1.0000,1.0000,1.0000,0.3170,1.0000,0.1325,0.0449 (**),0.1239,1.0000,0.3170,1.0000,0.1325,0.0449 (**),0.1239,0.3694,0.1782,0.3732
PQ_52_Scty,0.0006 (***),0.0003 (***),0.0004 (***),0.0000 (***),0.0000 (***),0.0000 (***),0.0000 (***),0.0000 (***),0.0000 (***),0.6017,0.4336,0.6033,0.0007 (***),0.0004 (***),0.0006 (***),0.0052 (***),0.0035 (***),0.0049 (***),0.0055 (***),0.0032 (***),0.0048 (***),0.5981,0.5270,0.5982,0.0000 (***),0.0000 (***),0.0000 (***),0.0000 (***),0.0000 (***),0.0000 (***)
PQ_53_Scty,1.0000,1.0000,1.0000,1.0000,1.0000,1.0000,1.0000,1.0000,1.0000,1.0000,1.0000,1.0000,1.0000,1.0000,1.0000,1.0000,1.0000,1.0000,1.0000,1.0000,1.0000,1.0000,1.0000,1.0000,1.0000,1.0000,1.0000,1.0000,1.0000,1.0000
PQ_54_Scty,0.0000 (***),0.0000 (***),0.0000 (***),0.0000 (***),0.0000 (***),0.0000 (***),0.2747,0.2367,0.2746,0.8497,0.7762,0.8498,0.4427,0.3984,0.4427,0.0000 (***),0.0000 (***),0.0000 (***),0.0000 (***),0.0000 (***),0.0000 (***),0.0000 (***),0.0000 (***),0.0000 (***),0.0000 (***),0.0000 (***),0.0000 (***),0.1691,0.1424,0.1690
PQ_55_Scty,0.0000 (***),0.0000 (***),0.0000 (***),0.0684 (*),0.0577 (*),0.0683 (*),0.0000 (***),0.0000 (***),0.0000 (***),0.0000 (***),0.0000 (***),0.0000 (***),0.0000 (***),0.0000 (***),0.0000 (***),0.0000 (***),0.0000 (***),0.0000 (***),0.0000 (***),0.0000 (***),0.0000 (***),0.0000 (***),0.0000 (***),0.0000 (***),0.0000 (***),0.0000 (***),0.0000 (***),0.6045,0.5457,0.6046
PQ_56_Scty,0.0002 (***),0.0002 (***),0.0002 (***),0.0000 (***),0.0000 (***),0.0000 (***),0.0000 (***),0.0000 (***),0.0000 (***),0.0230 (**),0.0188 (**),0.0229 (**),0.0000 (***),0.0000 (***),0.0000 (***),0.0902 (*),0.0765 (*),0.0901 (*),0.1725,0.1499,0.1725,0.0196 (**),0.0158 (**),0.0195 (**),0.0000 (***),0.0000 (***),0.0000 (***),0.0018 (***),0.0013 (***),0.0017 (***)
PQ_57_Scty,0.9341,0.8686,0.9341,0.0005 (***),0.0004 (***),0.0005 (***),0.0000 (***),0.0000 (***),0.0000 (***),0.0000 (***),0.0000 (***),0.0000 (***),0.0003 (***),0.0002 (***),0.0003 (***),0.0000 (***),0.0000 (***),0.0000 (***),0.0000 (***),0.0000 (***),0.0000 (***),0.0000 (***),0.0000 (***),0.0000 (***),0.2244,0.1968,0.2244,0.0000 (***),0.0000 (***),0.0000 (***)
PQ_58_Scty,0.3368,0.2981,0.3368,0.0000 (***),0.0000 (***),0.0000 (***),0.0000 (***),0.0000 (***),0.0000 (***),0.0000 (***),0.0000 (***),0.0000 (***),0.0000 (***),0.0000 (***),0.0000 (***),0.0000 (***),0.0000 (***),0.0000 (***),0.0000 (***),0.0000 (***),0.0000 (***),0.0000 (***),0.0000 (***),0.0000 (***),0.2472,0.0826 (*),0.2489,0.0000 (***),0.0000 (***),0.0000 (***)
PQ_59_Scty,0.0000 (***),0.0000 (***),0.0000 (***),0.0000 (***),0.0000 (***),0.0000 (***),0.3381,0.2920,0.3381,0.0003 (***),0.0003 (***),0.0003 (***),0.0000 (***),0.0000 (***),0.0000 (***),0.0000 (***),0.0000 (***),0.0000 (***),0.0000 (***),0.0000 (***),0.0000 (***),0.0000 (***),0.0000 (***),0.0000 (***),0.1156,0.0985 (*),0.1155,0.0000 (***),0.0000 (***),0.0000 (***)
PQ_60_Scty,0.0151 (**),0.0069 (***),0.0121 (**),0.0368 (**),0.0188 (**),0.0333 (**),0.0368 (**),0.0188 (**),0.0333 (**),0.0014 (***),0.0005 (***),0.0004 (***),1.0000,0.6536,1.0000,1.0000,0.6536,1.0000,0.4789,0.1567,0.4993,1.0000,1.0000,1.0000,0.2472,0.0826 (*),0.2489,0.2472,0.0826 (*),0.2489
PQ_61_Scty,0.6868,0.6285,0.6868,0.0000 (***),0.0000 (***),0.0000 (***),0.0000 (***),0.0000 (***),0.0000 (***),0.0158 (**),0.0127 (**),0.0157 (**),0.0000 (***),0.0000 (***),0.0000 (***),0.0000 (***),0.0000 (***),0.0000 (***),0.0038 (***),0.0030 (***),0.0038 (***),0.0810 (*),0.0686 (*),0.0809 (*),0.0001 (***),0.0001 (***),0.0001 (***),0.0339 (**),0.0280 (**),0.0338 (**)
PQ_62_Scty,0.0000 (***),0.0000 (***),0.0000 (***),0.0000 (***),0.0000 (***),0.0000 (***),0.0000 (***),0.0000 (***),0.0000 (***),0.9378,0.8761,0.9379,0.0532 (*),0.0443 (**),0.0531 (*),0.0050 (***),0.0039 (***),0.0050 (***),0.0000 (***),0.0000 (***),0.0000 (***),0.4254,0.3806,0.4254,0.0000 (***),0.0000 (***),0.0000 (***),0.0000 (***),0.0000 (***),0.0000 (***)
PQ_63_Scty,0.0000 (***),0.0000 (***),0.0000 (***),0.0000 (***),0.0000 (***),0.0000 (***),0.0663 (*),0.0526 (*),0.0660 (*),0.0000 (***),0.0000 (***),0.0000 (***),0.0000 (***),0.0000 (***),0.0000 (***),0.0000 (***),0.0000 (***),0.0000 (***),0.0000 (***),0.0000 (***),0.0000 (***),0.0000 (***),0.0000 (***),0.0000 (***),0.2187,0.1010,0.2167,0.0000 (***),0.0000 (***),0.0000 (***)
PQ_64_Scty,0.0000 (***),0.0000 (***),0.0000 (***),0.0000 (***),0.0000 (***),0.0000 (***),0.0000 (***),0.0000 (***),0.0000 (***),1.0000,1.0000,1.0000,0.0000 (***),0.0000 (***),0.0000 (***),0.6070,0.5485,0.6071,0.0000 (***),0.0000 (***),0.0000 (***),0.0003 (***),0.0002 (***),0.0003 (***),0.0000 (***),0.0000 (***),0.0000 (***),0.0000 (***),0.0000 (***),0.0000 (***)
PQ_65_Scty,0.0000 (***),0.0000 (***),0.0000 (***),0.0000 (***),0.0000 (***),0.0000 (***),0.0000 (***),0.0000 (***),0.0000 (***),0.0000 (***),0.0000 (***),0.0000 (***),1.0000,1.0000,1.0000,1.0000,1.0000,1.0000,1.0000,1.0000,1.0000,1.0000,1.0000,1.0000,1.0000,1.0000,1.0000,1.0000,1.0000,1.0000
PQ_66_Scty,0.0000 (***),0.0000 (***),0.0000 (***),0.0000 (***),0.0000 (***),0.0000 (***),0.2435,0.2135,0.2434,0.0013 (***),0.0010 (***),0.0013 (***),0.0000 (***),0.0000 (***),0.0000 (***),0.0000 (***),0.0000 (***),0.0000 (***),0.1209,0.1005,0.1207,0.0011 (***),0.0009 (***),0.0011 (***),0.0000 (***),0.0000 (***),0.0000 (***),0.0000 (***),0.0000 (***),0.0000 (***)
PQ_67_Scty,0.8562,0.7857,0.8562,0.0000 (***),0.0000 (***),0.0000 (***),0.0000 (***),0.0000 (***),0.0000 (***),0.0254 (**),0.0197 (**),0.0251 (**),0.0000 (***),0.0000 (***),0.0000 (***),0.0000 (***),0.0000 (***),0.0000 (***),0.0122 (**),0.0093 (***),0.0121 (**),0.0000 (***),0.0000 (***),0.0000 (***),0.0000 (***),0.0000 (***),0.0000 (***),0.0019 (***),0.0013 (***),0.0018 (***)
PQ_68_Scty,0.0000 (***),0.0000 (***),0.0000 (***),0.5132,0.4620,0.5133,0.0000 (***),0.0000 (***),0.0000 (***),0.0000 (***),0.0000 (***),0.0000 (***),0.0000 (***),0.0000 (***),0.0000 (***),0.0000 (***),0.0000 (***),0.0000 (***),0.0000 (***),0.0000 (***),0.0000 (***),0.0000 (***),0.0000 (***),0.0000 (***),0.0000 (***),0.0000 (***),0.0000 (***),0.0000 (***),0.0000 (***),0.0000 (***)
PQ_69_Scty,1.0000,1.0000,1.0000,1.0000,1.0000,1.0000,0.0000 (***),0.0000 (***),0.0000 (***),1.0000,1.0000,1.0000,1.0000,1.0000,1.0000,0.0000 (***),0.0000 (***),0.0000 (***),1.0000,1.0000,1.0000,0.0000 (***),0.0000 (***),0.0000 (***),1.0000,1.0000,1.0000,0.0000 (***),0.0000 (***),0.0000 (***)
PQ_70_Scty,0.0000 (***),0.0000 (***),0.0000 (***),0.0340 (**),0.0197 (**),0.0318 (**),0.0000 (***),0.0000 (***),0.0000 (***),0.0000 (***),0.0000 (***),0.0000 (***),0.0000 (***),0.0000 (***),0.0000 (***),0.9325,0.8655,0.9325,0.0000 (***),0.0000 (***),0.0000 (***),0.0000 (***),0.0000 (***),0.0000 (***),0.0000 (***),0.0000 (***),0.0000 (***),0.0000 (***),0.0000 (***),0.0000 (***)
R_01,0.0011 (***),0.0008 (***),0.0010 (***),0.0000 (***),0.0000 (***),0.0000 (***),0.5513,0.4869,0.5514,0.0000 (***),0.0000 (***),0.0000 (***),0.0000 (***),0.0000 (***),0.0000 (***),0.0001 (***),0.0001 (***),0.0001 (***),0.0370 (**),0.0303 (**),0.0369 (**),0.0000 (***),0.0000 (***),0.0000 (***),0.0000 (***),0.0000 (***),0.0000 (***),0.0000 (***),0.0000 (***),0.0000 (***)
R_02,0.0000 (***),0.0000 (***),0.0000 (***),0.0000 (***),0.0000 (***),0.0000 (***),0.0000 (***),0.0000 (***),0.0000 (***),0.7425,0.6813,0.7425,0.0082 (***),0.0065 (***),0.0081 (***),0.7044,0.6489,0.7045,0.0003 (***),0.0002 (***),0.0002 (***),0.0283 (**),0.0233 (**),0.0283 (**),0.0000 (***),0.0000 (***),0.0000 (***),0.0000 (***),0.0000 (***),0.0000 (***)
R_03,1.0000,0.5629,1.0000,0.1113,0.0560 (*),0.1069,0.1796,0.0934 (*),0.1769,0.0251 (**),0.0117 (**),0.0213 (**),0.0441 (**),0.0189 (**),0.0379 (**),0.0754 (*),0.0329 (**),0.0688 (*),0.0088 (***),0.0036 (***),0.0059 (***),1.0000,0.7941,1.0000,0.6418,0.4853,0.6430,0.4738,0.3395,0.4749
R_04,0.0000 (***),0.0000 (***),0.0000 (***),0.0000 (***),0.0000 (***),0.0000 (***),0.0000 (***),0.0000 (***),0.0000 (***),0.7499,0.6708,0.7500,0.0000 (***),0.0000 (***),0.0000 (***),0.0077 (***),0.0061 (***),0.0076 (***),0.0000 (***),0.0000 (***),0.0000 (***),0.0000 (***),0.0000 (***),0.0000 (***),0.0000 (***),0.0000 (***),0.0000 (***),0.0000 (***),0.0000 (***),0.0000 (***)
R_05,0.0000 (***),0.0000 (***),0.0000 (***),0.0289 (**),0.0224 (**),0.0286 (**),0.0000 (***),0.0000 (***),0.0000 (***),0.0000 (***),0.0000 (***),0.0000 (***),0.0000 (***),0.0000 (***),0.0000 (***),0.7221,0.4770,0.7250,0.2060,0.1292,0.2048,0.0000 (***),0.0000 (***),0.0000 (***),0.0000 (***),0.0000 (***),0.0000 (***),0.0588 (*),0.0308 (**),0.0549 (*)
R_06,0.0004 (***),0.0003 (***),0.0004 (***),0.0000 (***),0.0000 (***),0.0000 (***),0.8181,0.7591,0.8181,0.0040 (***),0.0031 (***),0.0040 (***),0.0000 (***),0.0000 (***),0.0000 (***),0.0011 (***),0.0009 (***),0.0011 (***),0.5443,0.4952,0.5444,0.0000 (***),0.0000 (***),0.0000 (***),0.0000 (***),0.0000 (***),0.0000 (***),0.0101 (**),0.0081 (***),0.0100 (**)
R_07,0.0081 (***),0.0062 (***),0.0079 (***),0.0000 (***),0.0000 (***),0.0000 (***),0.0002 (***),0.0001 (***),0.0002 (***),0.0051 (***),0.0040 (***),0.0051 (***),0.0000 (***),0.0000 (***),0.0000 (***),0.3267,0.2807,0.3267,0.0000 (***),0.0000 (***),0.0000 (***),0.0000 (***),0.0000 (***),0.0000 (***),0.0470 (**),0.0391 (**),0.0469 (**),0.0000 (***),0.0000 (***),0.0000 (***)
R_08,0.0000 (***),0.0000 (***),0.0000 (***),0.3232,0.2874,0.3232,0.3256,0.2898,0.3256,0.0000 (***),0.0000 (***),0.0000 (***),0.0000 (***),0.0000 (***),0.0000 (***),0.0000 (***),0.0000 (***),0.0000 (***),0.3132,0.2746,0.3132,0.0408 (**),0.0339 (**),0.0408 (**),0.0005 (***),0.0004 (***),0.0005 (***),0.0000 (***),0.0000 (***),0.0000 (***)
R_09,0.1390,0.1194,0.1389,0.0009 (***),0.0006 (***),0.0008 (***),0.0000 (***),0.0000 (***),0.0000 (***),0.4444,0.4002,0.4444,0.0743 (*),0.0621 (*),0.0742 (*),0.0000 (***),0.0000 (***),0.0000 (***),0.0204 (**),0.0166 (**),0.0203 (**),0.0000 (***),0.0000 (***),0.0000 (***),0.0000 (***),0.0000 (***),0.0000 (***),0.0000 (***),0.0000 (***),0.0000 (***)
R_10,0.0001 (***),0.0000 (***),0.0001 (***),0.0001 (***),0.0000 (***),0.0000 (***),0.0000 (***),0.0000 (***),0.0000 (***),0.0000 (***),0.0000 (***),0.0000 (***),0.0000 (***),0.0000 (***),0.0000 (***),0.0000 (***),0.0000 (***),0.0000 (***),0.0000 (***),0.0000 (***),0.0000 (***),0.0000 (***),0.0000 (***),0.0000 (***),0.0000 (***),0.0000 (***),0.0000 (***),0.1346,0.1153,0.1345
R_11,0.0304 (**),0.0250 (**),0.0304 (**),0.0000 (***),0.0000 (***),0.0000 (***),0.2746,0.2417,0.2746,0.0001 (***),0.0001 (***),0.0001 (***),0.0001 (***),0.0001 (***),0.0001 (***),0.3190,0.2832,0.3190,0.0957 (*),0.0815 (*),0.0956 (*),0.0000 (***),0.0000 (***),0.0000 (***),0.0336 (**),0.0277 (**),0.0335 (**),0.0062 (***),0.0049 (***),0.0062 (***)
R_12,0.0000 (***),0.0000 (***),0.0000 (***),0.0000 (***),0.0000 (***),0.0000 (***),0.4672,0.4061,0.4674,1.0000,0.9193,1.0000,0.5732,0.5197,0.5733,0.0000 (***),0.0000 (***),0.0000 (***),0.0000 (***),0.0000 (***),0.0000 (***),0.0000 (***),0.0000 (***),0.0000 (***),0.0000 (***),0.0000 (***),0.0000 (***),0.5317,0.4656,0.5318
R_13,0.0227 (**),0.0180 (**),0.0226 (**),0.0001 (***),0.0001 (***),0.0001 (***),0.1789,0.1516,0.1787,0.0043 (***),0.0033 (***),0.0042 (***),0.1039,0.0877 (*),0.1038,0.3946,0.3490,0.3946,0.6192,0.5621,0.6193,0.0106 (**),0.0083 (***),0.0105 (**),0.2944,0.2588,0.2944,0.1524,0.1297,0.1523
R_14,0.5211,0.4704,0.5211,0.0000 (***),0.0000 (***),0.0000 (***),0.8123,0.7515,0.8123,0.0000 (***),0.0000 (***),0.0000 (***),0.0000 (***),0.0000 (***),0.0000 (***),0.3378,0.2991,0.3378,0.0000 (***),0.0000 (***),0.0000 (***),0.0000 (***),0.0000 (***),0.0000 (***),0.0000 (***),0.0000 (***),0.0000 (***),0.0000 (***),0.0000 (***),0.0000 (***)
R_15,0.0001 (***),0.0001 (***),0.0001 (***),0.0000 (***),0.0000 (***),0.0000 (***),0.0004 (***),0.0003 (***),0.0004 (***),0.1015,0.0862 (*),0.1014,0.0000 (***),0.0000 (***),0.0000 (***),0.0000 (***),0.0000 (***),0.0000 (***),0.0000 (***),0.0000 (***),0.0000 (***),0.0492 (**),0.0411 (**),0.0491 (**),0.0001 (***),0.0001 (***),0.0001 (***),0.0679 (*),0.0572 (*),0.0678 (*)
R_16,0.2568,0.2264,0.2568,0.0000 (***),0.0000 (***),0.0000 (***),0.0005 (***),0.0004 (***),0.0005 (***),0.0000 (***),0.0000 (***),0.0000 (***),0.0000 (***),0.0000 (***),0.0000 (***),0.0223 (**),0.0182 (**),0.0222 (**),0.0000 (***),0.0000 (***),0.0000 (***),0.0000 (***),0.0000 (***),0.0000 (***),0.5088,0.4573,0.5088,0.0000 (***),0.0000 (***),0.0000 (***)
R_17,0.0711 (*),0.0596 (*),0.0710 (*),0.0000 (***),0.0000 (***),0.0000 (***),0.0000 (***),0.0000 (***),0.0000 (***),0.0000 (***),0.0000 (***),0.0000 (***),0.0000 (***),0.0000 (***),0.0000 (***),0.0031 (***),0.0024 (***),0.0031 (***),0.0000 (***),0.0000 (***),0.0000 (***),0.0000 (***),0.0000 (***),0.0000 (***),0.0001 (***),0.0001 (***),0.0001 (***),0.0119 (**),0.0096 (***),0.0119 (**)
R_18,0.0000 (***),0.0000 (***),0.0000 (***),0.0040 (***),0.0031 (***),0.0039 (***),0.0000 (***),0.0000 (***),0.0000 (***),1.0000,1.0000,1.0000,0.0000 (***),0.0000 (***),0.0000 (***),0.7583,0.7005,0.7583,0.0000 (***),0.0000 (***),0.0000 (***),0.0000 (***),0.0000 (***),0.0000 (***),0.0040 (***),0.0031 (***),0.0039 (***),0.0000 (***),0.0000 (***),0.0000 (***)
R_19,1.0000,1.0000,1.0000,1.0000,0.9340,1.0000,0.0000 (***),0.0000 (***),0.0000 (***),0.0770 (*),0.0645 (*),0.0769 (*),1.0000,0.9340,1.0000,0.0000 (***),0.0000 (***),0.0000 (***),0.0770 (*),0.0645 (*),0.0769 (*),0.0000 (***),0.0000 (***),0.0000 (***),0.0642 (*),0.0534 (*),0.0641 (*),0.0000 (***),0.0000 (***),0.0000 (***)
R_20,0.3226,0.2867,0.3226,0.0000 (***),0.0000 (***),0.0000 (***),0.2239,0.1962,0.2238,0.0005 (***),0.0004 (***),0.0005 (***),0.0000 (***),0.0000 (***),0.0000 (***),0.8796,0.8202,0.8796,0.0000 (***),0.0000 (***),0.0000 (***),0.0000 (***),0.0000 (***),0.0000 (***),0.0000 (***),0.0000 (***),0.0000 (***),0.0000 (***),0.0000 (***),0.0000 (***)
S_01,1.0000,1.0000,1.0000,0.0000 (***),0.0000 (***),0.0000 (***),0.0000 (***),0.0000 (***),0.0000 (***),0.0005 (***),0.0003 (***),0.0004 (***),0.0000 (***),0.0000 (***),0.0000 (***),0.0000 (***),0.0000 (***),0.0000 (***),0.0005 (***),0.0003 (***),0.0004 (***),0.0024 (***),0.0008 (***),0.0009 (***),0.0000 (***),0.0000 (***),0.0000 (***),0.1034,0.0704 (*),0.1020
S_02,0.0000 (***),0.0000 (***),0.0000 (***),0.5317,0.4656,0.5318,0.0013 (***),0.0009 (***),0.0012 (***),0.6893,0.6172,0.6894,0.0000 (***),0.0000 (***),0.0000 (***),0.0000 (***),0.0000 (***),0.0000 (***),0.0000 (***),0.0000 (***),0.0000 (***),0.0126 (**),0.0090 (***),0.0122 (**),0.2602,0.2193,0.2601,0.0002 (***),0.0001 (***),0.0002 (***)
S_03,0.0000 (***),0.0000 (***),0.0000 (***),0.0000 (***),0.0000 (***),0.0000 (***),0.6670,0.5907,0.6672,0.0000 (***),0.0000 (***),0.0000 (***),0.0000 (***),0.0000 (***),0.0000 (***),0.0000 (***),0.0000 (***),0.0000 (***),0.0000 (***),0.0000 (***),0.0000 (***),0.0000 (***),0.0000 (***),0.0000 (***),0.6221,0.5653,0.6221,0.0000 (***),0.0000 (***),0.0000 (***)
S_04,0.0565 (*),0.0457 (**),0.0563 (*),0.0000 (***),0.0000 (***),0.0000 (***),0.0565 (*),0.0457 (**),0.0563 (*),0.5372,0.4807,0.5373,0.0000 (***),0.0000 (***),0.0000 (***),1.0000,1.0000,1.0000,0.2288,0.1950,0.2288,0.0000 (***),0.0000 (***),0.0000 (***),0.0000 (***),0.0000 (***),0.0000 (***),0.2288,0.1950,0.2288
S_05,0.0038 (***),0.0027 (***),0.0037 (***),0.4784,0.4082,0.4785,0.9033,0.8080,0.9034,0.0000 (***),0.0000 (***),0.0000 (***),0.0371 (**),0.0286 (**),0.0367 (**),0.0079 (***),0.0057 (***),0.0077 (***),0.0000 (***),0.0000 (***),0.0000 (***),0.6400,0.5588,0.6402,0.0000 (***),0.0000 (***),0.0000 (***),0.0000 (***),0.0000 (***),0.0000 (***)
S_06,0.5228,0.4722,0.5229,0.7456,0.6850,0.7456,1.0000,0.9356,1.0000,1.0000,1.0000,1.0000,0.2966,0.2610,0.2966,0.4718,0.4240,0.4718,0.5228,0.4722,0.5229,0.8075,0.7453,0.8075,0.7456,0.6850,0.7456,1.0000,0.9356,1.0000
S_07,0.0000 (***),0.0000 (***),0.0000 (***),0.0059 (***),0.0047 (***),0.0059 (***),1.0000,0.9350,1.0000,0.0567 (*),0.0472 (**),0.0566 (*),0.0002 (***),0.0001 (***),0.0002 (***),0.0000 (***),0.0000 (***),0.0000 (***),0.0000 (***),0.0000 (***),0.0000 (***),0.0076 (***),0.0060 (***),0.0075 (***),0.4401,0.3958,0.4402,0.0681 (*),0.0570 (*),0.0680 (*)
S_08,0.0000 (***),0.0000 (***),0.0000 (***),0.0000 (***),0.0000 (***),0.0000 (***),0.0010 (***),0.0005 (***),0.0007 (***),0.0000 (***),0.0000 (***),0.0000 (***),0.5037,0.4447,0.5038,0.0000 (***),0.0000 (***),0.0000 (***),0.1723,0.1437,0.1722,0.0000 (***),0.0000 (***),0.0000 (***),0.5487,0.4841,0.5488,0.0001 (***),0.0001 (***),0.0001 (***)
S_09,0.0001 (***),0.0001 (***),0.0000 (***),0.0000 (***),0.0000 (***),0.0000 (***),0.4789,0.1567,0.4993,0.0003 (***),0.0001 (***),0.0001 (***),0.0029 (***),0.0018 (***),0.0026 (***),0.0019 (***),0.0008 (***),0.0011 (***),1.0000,0.8542,1.0000,0.0000 (***),0.0000 (***),0.0000 (***),0.0017 (***),0.0010 (***),0.0015 (***),0.0032 (***),0.0014 (***),0.0021 (***)
S_10,0.0000 (***),0.0000 (***),0.0000 (***),0.2187,0.1010,0.2167,0.0000 (***),0.0000 (***),0.0000 (***),0.0000 (***),0.0000 (***),0.0000 (***),0.0000 (***),0.0000 (***),0.0000 (***),0.0076 (***),0.0055 (***),0.0074 (***),0.4382,0.3831,0.4383,0.0000 (***),0.0000 (***),0.0000 (***),0.0000 (***),0.0000 (***),0.0000 (***),0.0708 (*),0.0558 (*),0.0705 (*)
T_01,0.0000 (***),0.0000 (***),0.0000 (***),0.0000 (***),0.0000 (***),0.0000 (***),0.0000 (***),0.0000 (***),0.0000 (***),0.0000 (***),0.0000 (***),0.0000 (***),0.0053 (***),0.0040 (***),0.0052 (***),0.4049,0.3595,0.4049,0.0001 (***),0.0000 (***),0.0001 (***),0.0002 (***),0.0002 (***),0.0002 (***),0.2635,0.2225,0.2634,0.0000 (***),0.0000 (***),0.0000 (***)
T_02,1.0000,0.9136,1.0000,1.0000,1.0000,1.0000,1.0000,1.0000,1.0000,1.0000,1.0000,1.0000,1.0000,0.9136,1.0000,1.0000,0.9136,1.0000,1.0000,0.9136,1.0000,1.0000,1.0000,1.0000,1.0000,1.0000,1.0000,1.0000,1.0000,1.0000
T_03,0.0000 (***),0.0000 (***),0.0000 (***),0.0000 (***),0.0000 (***),0.0000 (***),0.0000 (***),0.0000 (***),0.0000 (***),0.0000 (***),0.0000 (***),0.0000 (***),0.0156 (**),0.0126 (**),0.0155 (**),0.2215,0.1940,0.2215,0.5423,0.4930,0.5423,0.0002 (***),0.0002 (***),0.0002 (***),0.0019 (***),0.0015 (***),0.0019 (***),0.5912,0.5393,0.5912
T_04,0.0000 (***),0.0000 (***),0.0000 (***),0.0000 (***),0.0000 (***),0.0000 (***),0.5286,0.4622,0.5287,0.8394,0.7612,0.8395,0.0013 (***),0.0010 (***),0.0013 (***),0.0000 (***),0.0000 (***),0.0000 (***),0.0000 (***),0.0000 (***),0.0000 (***),0.0000 (***),0.0000 (***),0.0000 (***),0.0000 (***),0.0000 (***),0.0000 (***),0.3499,0.2990,0.3500
T_05,0.3847,0.3430,0.3847,0.2549,0.2226,0.2549,0.0009 (***),0.0007 (***),0.0009 (***),0.0291 (**),0.0238 (**),0.0290 (**),0.0370 (**),0.0303 (**),0.0369 (**),0.0175 (**),0.0142 (**),0.0174 (**),0.2162,0.1889,0.2162,0.0000 (***),0.0000 (***),0.0000 (***),0.0007 (***),0.0005 (***),0.0007 (***),0.2866,0.2536,0.2866
T_06,0.0018 (***),0.0013 (***),0.0017 (***),0.0000 (***),0.0000 (***),0.0000 (***),1.0000,0.9219,1.0000,0.0000 (***),0.0000 (***),0.0000 (***),0.0000 (***),0.0000 (***),0.0000 (***),0.0013 (***),0.0009 (***),0.0012 (***),0.0000 (***),0.0000 (***),0.0000 (***),0.0000 (***),0.0000 (***),0.0000 (***),0.2568,0.2265,0.2568,0.0000 (***),0.0000 (***),0.0000 (***)
T_07,0.0002 (***),0.0001 (***),0.0002 (***),0.0000 (***),0.0000 (***),0.0000 (***),0.0036 (***),0.0025 (***),0.0034 (***),0.0000 (***),0.0000 (***),0.0000 (***),0.0051 (***),0.0038 (***),0.0050 (***),0.4797,0.4193,0.4799,0.2960,0.2543,0.2960,0.0003 (***),0.0002 (***),0.0003 (***),0.0940 (*),0.0779 (*),0.0938 (*),0.0648 (*),0.0519 (*),0.0645 (*)
T_08,0.0000 (***),0.0000 (***),0.0000 (***),0.0000 (***),0.0000 (***),0.0000 (***),0.0125 (**),0.0075 (***),0.0115 (**),0.0000 (***),0.0000 (***),0.0000 (***),0.5286,0.4622,0.5287,0.0002 (***),0.0001 (***),0.0001 (***),0.2860,0.2405,0.2860,0.0021 (***),0.0014 (***),0.0020 (***),0.7417,0.6603,0.7418,0.0082 (***),0.0056 (***),0.0078 (***)
T_09,0.0006 (***),0.0004 (***),0.0005 (***),0.0000 (***),0.0000 (***),0.0000 (***),0.0014 (***),0.0010 (***),0.0014 (***),0.1253,0.1034,0.1251,0.3216,0.2830,0.3216,0.8657,0.7997,0.8657,0.0663 (*),0.0544 (*),0.0661 (*),0.2135,0.1845,0.2134,0.0037 (***),0.0028 (***),0.0036 (***),0.1133,0.0946 (*),0.1132
T_10,0.0000 (***),0.0000 (***),0.0000 (***),0.0000 (***),0.0000 (***),0.0000 (***),0.0000 (***),0.0000 (***),0.0000 (***),0.0000 (***),0.0000 (***),0.0000 (***),0.2708,0.2356,0.2707,0.0001 (***),0.0001 (***),0.0001 (***),0.4944,0.4420,0.4944,0.0068 (***),0.0054 (***),0.0068 (***),0.7383,0.6762,0.7383,0.0018 (***),0.0014 (***),0.0018 (***)
